2,User_2,76493.0
6,User_6,62115.0
8,User_8,83884.0
16,User_16,76908.0
20,User_20,57154.0
24,User_24,80328.0
26,User_26,73125.0
30,User_30,52901.0
34,User_34,83038.0
38,User_38,57753.0
44,User_44,87276.0
48,User_48,71538.0
64,User_64,80540.0
66,User_66,86945.0
72,User_72,55320.0
76,User_76,70369.0
78,User_78,54458.0
80,User_80,58243.0
82,User_82,53804.0
90,User_90,80463.0
92,User_92,99927.0
94,User_94,79953.0
100,User_100,77805.0
104,User_104,64706.0
108,User_108,59355.0
116,User_116,84372.0
122,User_122,87870.0
124,User_124,94510.0
130,User_130,77731.0
132,User_132,91272.0
138,User_138,68589.0
140,User_140,98957.0
144,User_144,60611.0
148,User_148,99686.0
150,User_150,65169.0
156,User_156,80519.0
158,User_158,69779.0
162,User_162,93570.0
164,User_164,57319.0
170,User_170,57924.0
174,User_174,70035.0
178,User_178,59930.0
182,User_182,87140.0
184,User_184,55131.0
188,User_188,58453.0
210,User_210,72949.0
216,User_216,80109.0
218,User_218,79305.0
226,User_226,61742.0
230,User_230,72014.0
244,User_244,54598.0
246,User_246,98194.0
254,User_254,95468.0
256,User_256,68819.0
260,User_260,60458.0
262,User_262,61353.0
264,User_264,75102.0
266,User_266,83391.0
268,User_268,82343.0
272,User_272,60592.0
282,User_282,76278.0
284,User_284,75597.0
286,User_286,92465.0
290,User_290,66397.0
292,User_292,98766.0
294,User_294,82196.0
300,User_300,57658.0
304,User_304,90964.0
314,User_314,79694.0
316,User_316,81994.0
320,User_320,80348.0
324,User_324,55880.0
334,User_334,94314.0
336,User_336,60165.0
342,User_342,89736.0
346,User_346,57634.0
350,User_350,60285.0
352,User_352,66717.0
356,User_356,81255.0
360,User_360,55114.0
368,User_368,53535.0
370,User_370,62622.0
376,User_376,61265.0
380,User_380,53359.0
382,User_382,66059.0
384,User_384,52606.0
386,User_386,71065.0
390,User_390,65247.0
392,User_392,64826.0
394,User_394,66740.0
396,User_396,82288.0
400,User_400,97758.0
408,User_408,90205.0
410,User_410,93952.0
412,User_412,62962.0
416,User_416,51261.0
418,User_418,51035.0
422,User_422,69802.0
426,User_426,92975.0
428,User_428,60604.0
432,User_432,87088.0
434,User_434,72061.0
440,User_440,55172.0
444,User_444,65728.0
454,User_454,92449.0
458,User_458,52364.0
462,User_462,67856.0
466,User_466,66589.0
468,User_468,98296.0
472,User_472,65019.0
476,User_476,54885.0
478,User_478,76039.0
480,User_480,88376.0
484,User_484,94363.0
490,User_490,79083.0
496,User_496,74677.0
498,User_498,98307.0
504,User_504,70004.0
508,User_508,95012.0
510,User_510,52977.0
526,User_526,69333.0
530,User_530,89723.0
532,User_532,86736.0
536,User_536,82561.0
556,User_556,81835.0
562,User_562,55112.0
564,User_564,98969.0
566,User_566,86294.0
568,User_568,79136.0
570,User_570,52456.0
580,User_580,81628.0
586,User_586,55092.0
590,User_590,84533.0
592,User_592,85412.0
594,User_594,82399.0
596,User_596,53881.0
598,User_598,57813.0
600,User_600,65187.0
602,User_602,66884.0
604,User_604,87136.0
610,User_610,68173.0
618,User_618,52402.0
622,User_622,92109.0
624,User_624,71295.0
628,User_628,79232.0
630,User_630,89520.0
632,User_632,91057.0
634,User_634,87011.0
638,User_638,69539.0
640,User_640,67141.0
642,User_642,87437.0
644,User_644,77922.0
650,User_650,56240.0
658,User_658,83096.0
662,User_662,61226.0
664,User_664,68426.0
666,User_666,67180.0
672,User_672,70897.0
676,User_676,52276.0
678,User_678,79288.0
680,User_680,56829.0
682,User_682,74804.0
684,User_684,80511.0
692,User_692,70440.0
694,User_694,69144.0
706,User_706,71583.0
708,User_708,54889.0
712,User_712,58967.0
716,User_716,61803.0
720,User_720,87643.0
730,User_730,94350.0
732,User_732,66976.0
736,User_736,55778.0
738,User_738,68426.0
740,User_740,84488.0
744,User_744,74027.0
748,User_748,54190.0
754,User_754,61157.0
766,User_766,82164.0
770,User_770,78017.0
772,User_772,72600.0
776,User_776,69120.0
778,User_778,63543.0
782,User_782,86116.0
784,User_784,59602.0
792,User_792,63638.0
798,User_798,77821.0
804,User_804,98286.0
808,User_808,75788.0
810,User_810,93721.0
816,User_816,63475.0
818,User_818,65695.0
820,User_820,89201.0
828,User_828,56203.0
830,User_830,78644.0
832,User_832,69406.0
834,User_834,75626.0
836,User_836,57276.0
838,User_838,79210.0
842,User_842,94826.0
848,User_848,99434.0
852,User_852,52251.0
854,User_854,50154.0
856,User_856,92953.0
858,User_858,98893.0
862,User_862,61883.0
864,User_864,65025.0
868,User_868,69034.0
870,User_870,61234.0
872,User_872,56125.0
874,User_874,68419.0
878,User_878,61280.0
882,User_882,61254.0
884,User_884,83264.0
886,User_886,82092.0
888,User_888,95834.0
890,User_890,81962.0
894,User_894,83018.0
900,User_900,53750.0
908,User_908,68138.0
910,User_910,94536.0
916,User_916,93839.0
920,User_920,62654.0
922,User_922,64176.0
924,User_924,93500.0
926,User_926,96508.0
928,User_928,53199.0
930,User_930,91216.0
932,User_932,62576.0
938,User_938,98299.0
942,User_942,90037.0
948,User_948,79978.0
950,User_950,84225.0
952,User_952,63868.0
954,User_954,91898.0
956,User_956,89166.0
968,User_968,77410.0
970,User_970,81761.0
972,User_972,68932.0
974,User_974,56213.0
976,User_976,50353.0
982,User_982,98724.0
984,User_984,94782.0
986,User_986,93470.0
988,User_988,55021.0
992,User_992,70405.0
1004,User_1004,54742.0
1008,User_1008,82515.0
1010,User_1010,73195.0
1014,User_1014,53853.0
1018,User_1018,93107.0
1020,User_1020,98650.0
1024,User_1024,68859.0
1028,User_1028,77869.0
1032,User_1032,87566.0
1034,User_1034,60344.0
1038,User_1038,90863.0
1042,User_1042,97281.0
1044,User_1044,98036.0
1050,User_1050,73242.0
1054,User_1054,74214.0
1058,User_1058,85696.0
1064,User_1064,59796.0
1076,User_1076,85159.0
1078,User_1078,66957.0
1080,User_1080,60109.0
1082,User_1082,92701.0
1084,User_1084,73148.0
1088,User_1088,78924.0
1090,User_1090,74010.0
1094,User_1094,92472.0
1096,User_1096,66630.0
1098,User_1098,64381.0
1102,User_1102,62951.0
1106,User_1106,69399.0
1108,User_1108,89665.0
1110,User_1110,85568.0
1112,User_1112,94041.0
1114,User_1114,56290.0
1116,User_1116,87442.0
1124,User_1124,86134.0
1126,User_1126,80059.0
1130,User_1130,97292.0
1136,User_1136,61978.0
1138,User_1138,84389.0
1140,User_1140,50434.0
1142,User_1142,58094.0
1144,User_1144,76767.0
1148,User_1148,68484.0
1158,User_1158,52307.0
1160,User_1160,86041.0
1162,User_1162,69176.0
1164,User_1164,52758.0
1166,User_1166,65760.0
1168,User_1168,85528.0
1172,User_1172,65892.0
1174,User_1174,51810.0
1176,User_1176,91757.0
1178,User_1178,78990.0
1188,User_1188,80266.0
1190,User_1190,51039.0
1192,User_1192,85005.0
1194,User_1194,72290.0
1198,User_1198,90561.0
1200,User_1200,61840.0
1202,User_1202,96202.0
1208,User_1208,51697.0
1210,User_1210,88518.0
1212,User_1212,82465.0
1214,User_1214,90733.0
1218,User_1218,94879.0
1220,User_1220,71236.0
1224,User_1224,85765.0
1226,User_1226,92909.0
1228,User_1228,70494.0
1236,User_1236,68703.0
1240,User_1240,66243.0
1242,User_1242,73742.0
1246,User_1246,56554.0
1254,User_1254,87579.0
1256,User_1256,92134.0
1258,User_1258,82721.0
1270,User_1270,76849.0
1272,User_1272,60065.0
1276,User_1276,97156.0
1278,User_1278,78472.0
1282,User_1282,89288.0
1284,User_1284,57239.0
1288,User_1288,81237.0
1296,User_1296,59037.0
1300,User_1300,60029.0
1302,User_1302,79710.0
1306,User_1306,99415.0
1312,User_1312,71522.0
1318,User_1318,51295.0
1320,User_1320,98413.0
1324,User_1324,93389.0
1328,User_1328,94576.0
1330,User_1330,86309.0
1336,User_1336,79280.0
1340,User_1340,68110.0
1344,User_1344,94937.0
1346,User_1346,90099.0
1348,User_1348,81211.0
1350,User_1350,53400.0
1352,User_1352,64902.0
1356,User_1356,90793.0
1364,User_1364,58865.0
1368,User_1368,70705.0
1372,User_1372,80309.0
1374,User_1374,96211.0
1382,User_1382,66229.0
1384,User_1384,53554.0
1386,User_1386,86409.0
1388,User_1388,52841.0
1392,User_1392,83255.0
1394,User_1394,66572.0
1398,User_1398,56453.0
1400,User_1400,93500.0
1402,User_1402,98345.0
1406,User_1406,81796.0
1416,User_1416,51174.0
1418,User_1418,98844.0
1420,User_1420,83377.0
1422,User_1422,92419.0
1424,User_1424,76073.0
1426,User_1426,70367.0
1430,User_1430,79247.0
1432,User_1432,91586.0
1436,User_1436,59757.0
1440,User_1440,68779.0
1444,User_1444,72091.0
1448,User_1448,59243.0
1452,User_1452,98181.0
1458,User_1458,69339.0
1466,User_1466,61875.0
1472,User_1472,69671.0
1474,User_1474,77654.0
1480,User_1480,65791.0
1482,User_1482,82959.0
1484,User_1484,99000.0
1488,User_1488,75879.0
1490,User_1490,86971.0
1492,User_1492,92695.0
1496,User_1496,51502.0
1498,User_1498,52048.0
1506,User_1506,86729.0
1512,User_1512,72648.0
1518,User_1518,73669.0
1522,User_1522,75599.0
1528,User_1528,86597.0
1530,User_1530,90755.0
1532,User_1532,69722.0
1536,User_1536,53415.0
1538,User_1538,87029.0
1540,User_1540,82198.0
1544,User_1544,90147.0
1546,User_1546,81670.0
1548,User_1548,95564.0
1556,User_1556,98046.0
1572,User_1572,85823.0
1588,User_1588,69697.0
1590,User_1590,65295.0
1592,User_1592,94793.0
1594,User_1594,64934.0
1598,User_1598,74480.0
1602,User_1602,93328.0
1606,User_1606,76816.0
1608,User_1608,52811.0
1610,User_1610,73225.0
1614,User_1614,95104.0
1616,User_1616,70544.0
1622,User_1622,97745.0
1632,User_1632,96964.0
1634,User_1634,65380.0
1636,User_1636,51271.0
1642,User_1642,82172.0
1646,User_1646,84047.0
1648,User_1648,65219.0
1654,User_1654,58714.0
1656,User_1656,83414.0
1664,User_1664,73707.0
1668,User_1668,80102.0
1674,User_1674,67225.0
1676,User_1676,69912.0
1678,User_1678,96649.0
1680,User_1680,56262.0
1682,User_1682,83384.0
1686,User_1686,98979.0
1692,User_1692,80872.0
1696,User_1696,72299.0
1706,User_1706,72551.0
1708,User_1708,67507.0
1710,User_1710,76264.0
1714,User_1714,97219.0
1718,User_1718,83326.0
1726,User_1726,86454.0
1730,User_1730,68459.0
1732,User_1732,81343.0
1734,User_1734,89589.0
1736,User_1736,85775.0
1738,User_1738,65833.0
1740,User_1740,76375.0
1742,User_1742,95337.0
1746,User_1746,63081.0
1748,User_1748,94743.0
1756,User_1756,60851.0
1758,User_1758,82459.0
1760,User_1760,52737.0
1766,User_1766,69779.0
1768,User_1768,85400.0
1770,User_1770,84302.0
1772,User_1772,67590.0
1780,User_1780,76848.0
1784,User_1784,97103.0
1786,User_1786,83801.0
1788,User_1788,77975.0
1790,User_1790,53143.0
1792,User_1792,80181.0
1798,User_1798,77149.0
1800,User_1800,74405.0
1802,User_1802,90869.0
1804,User_1804,86691.0
1808,User_1808,60078.0
1814,User_1814,80576.0
1820,User_1820,86615.0
1828,User_1828,73998.0
1830,User_1830,81266.0
1832,User_1832,65943.0
1836,User_1836,71040.0
1840,User_1840,51119.0
1842,User_1842,67254.0
1844,User_1844,80310.0
1848,User_1848,77019.0
1852,User_1852,80889.0
1854,User_1854,69102.0
1856,User_1856,94160.0
1858,User_1858,84412.0
1868,User_1868,92428.0
1872,User_1872,84625.0
1874,User_1874,99571.0
1884,User_1884,93067.0
1886,User_1886,63852.0
1890,User_1890,93555.0
1904,User_1904,88656.0
1916,User_1916,87163.0
1924,User_1924,69271.0
1926,User_1926,80060.0
1930,User_1930,61686.0
1934,User_1934,96357.0
1936,User_1936,84595.0
1938,User_1938,89221.0
1940,User_1940,62442.0
1944,User_1944,91599.0
1952,User_1952,61987.0
1966,User_1966,98692.0
1976,User_1976,87201.0
1990,User_1990,71568.0
1992,User_1992,96332.0
1996,User_1996,82867.0
1998,User_1998,97651.0
2002,User_2002,91438.0
2008,User_2008,88027.0
2010,User_2010,60710.0
2014,User_2014,82347.0
2016,User_2016,79755.0
2024,User_2024,76780.0
2026,User_2026,61715.0
2028,User_2028,88822.0
2034,User_2034,78241.0
2044,User_2044,98417.0
2046,User_2046,55753.0
2062,User_2062,65636.0
2064,User_2064,98760.0
2066,User_2066,56379.0
2068,User_2068,54948.0
2070,User_2070,55754.0
2074,User_2074,90410.0
2078,User_2078,64966.0
2082,User_2082,82121.0
2084,User_2084,65499.0
2090,User_2090,56723.0
2092,User_2092,98884.0
2094,User_2094,82516.0
2096,User_2096,56113.0
2100,User_2100,65997.0
2102,User_2102,99362.0
2104,User_2104,70457.0
2108,User_2108,84220.0
2110,User_2110,82125.0
2112,User_2112,83284.0
2114,User_2114,66838.0
2116,User_2116,61287.0
2120,User_2120,60552.0
2122,User_2122,85256.0
2126,User_2126,71087.0
2136,User_2136,99325.0
2140,User_2140,76044.0
2150,User_2150,80093.0
2160,User_2160,77705.0
2164,User_2164,93225.0
2166,User_2166,97689.0
2168,User_2168,51098.0
2170,User_2170,85392.0
2174,User_2174,77216.0
2178,User_2178,93139.0
2180,User_2180,70610.0
2182,User_2182,66802.0
2184,User_2184,82228.0
2192,User_2192,94654.0
2196,User_2196,71080.0
2200,User_2200,80570.0
2202,User_2202,69479.0
2204,User_2204,69892.0
2210,User_2210,78763.0
2216,User_2216,64837.0
2218,User_2218,59529.0
2230,User_2230,55423.0
2240,User_2240,84601.0
2242,User_2242,66948.0
2246,User_2246,88183.0
2250,User_2250,75047.0
2252,User_2252,71620.0
2254,User_2254,55689.0
2262,User_2262,58628.0
2266,User_2266,76104.0
2272,User_2272,81758.0
2274,User_2274,74327.0
2276,User_2276,92152.0
2282,User_2282,73732.0
2286,User_2286,85651.0
2288,User_2288,64101.0
2292,User_2292,85796.0
2294,User_2294,50914.0
2300,User_2300,61743.0
2302,User_2302,55289.0
2304,User_2304,61526.0
2306,User_2306,83977.0
2310,User_2310,52390.0
2318,User_2318,69767.0
2324,User_2324,94002.0
2328,User_2328,85213.0
2332,User_2332,76414.0
2338,User_2338,70007.0
2340,User_2340,55716.0
2344,User_2344,86014.0
2346,User_2346,83156.0
2356,User_2356,81630.0
2358,User_2358,84629.0
2364,User_2364,65798.0
2366,User_2366,95817.0
2372,User_2372,58456.0
2376,User_2376,90614.0
2378,User_2378,99098.0
2388,User_2388,91810.0
2390,User_2390,57421.0
2392,User_2392,61140.0
2400,User_2400,68763.0
2402,User_2402,69432.0
2406,User_2406,68625.0
2412,User_2412,74495.0
2414,User_2414,50736.0
2416,User_2416,76825.0
2418,User_2418,50418.0
2420,User_2420,80610.0
2422,User_2422,52484.0
2424,User_2424,98057.0
2426,User_2426,58321.0
2430,User_2430,75854.0
2432,User_2432,53421.0
2440,User_2440,74565.0
2452,User_2452,58834.0
2454,User_2454,53590.0
2456,User_2456,66810.0
2458,User_2458,61977.0
2460,User_2460,80784.0
2464,User_2464,73371.0
2466,User_2466,80711.0
2470,User_2470,86996.0
2482,User_2482,66391.0
2484,User_2484,72103.0
2486,User_2486,81003.0
2490,User_2490,70959.0
2492,User_2492,74220.0
2494,User_2494,53135.0
2496,User_2496,96901.0
2498,User_2498,71041.0
2500,User_2500,85400.0
2504,User_2504,54921.0
2508,User_2508,79106.0
2510,User_2510,83351.0
2512,User_2512,52710.0
2514,User_2514,56956.0
2516,User_2516,62418.0
2518,User_2518,84650.0
2520,User_2520,61562.0
2522,User_2522,84652.0
2526,User_2526,59433.0
2528,User_2528,66768.0
2534,User_2534,91871.0
2536,User_2536,79307.0
2540,User_2540,50027.0
2550,User_2550,84071.0
2556,User_2556,86166.0
2562,User_2562,92844.0
2564,User_2564,64087.0
2566,User_2566,66730.0
2568,User_2568,65516.0
2572,User_2572,64203.0
2574,User_2574,71861.0
2580,User_2580,76219.0
2582,User_2582,55890.0
2594,User_2594,81452.0
2600,User_2600,62315.0
2604,User_2604,70040.0
2608,User_2608,72268.0
2610,User_2610,58329.0
2614,User_2614,73243.0
2618,User_2618,89174.0
2620,User_2620,76813.0
2622,User_2622,53479.0
2624,User_2624,66933.0
2630,User_2630,64941.0
2640,User_2640,71565.0
2646,User_2646,80765.0
2648,User_2648,78620.0
2652,User_2652,62392.0
2654,User_2654,90468.0
2656,User_2656,88279.0
2658,User_2658,63212.0
2660,User_2660,56588.0
2664,User_2664,62981.0
2666,User_2666,62787.0
2668,User_2668,79483.0
2670,User_2670,67115.0
2672,User_2672,73272.0
2674,User_2674,76051.0
2680,User_2680,71950.0
2684,User_2684,97341.0
2692,User_2692,61861.0
2694,User_2694,61193.0
2698,User_2698,71369.0
2700,User_2700,66409.0
2708,User_2708,94680.0
2710,User_2710,58674.0
2714,User_2714,68397.0
2722,User_2722,88468.0
2724,User_2724,51573.0
2732,User_2732,86552.0
2738,User_2738,89422.0
2742,User_2742,65848.0
2752,User_2752,66055.0
2760,User_2760,78687.0
2764,User_2764,62081.0
2768,User_2768,76743.0
2770,User_2770,80626.0
2772,User_2772,79443.0
2774,User_2774,77103.0
2776,User_2776,92218.0
2780,User_2780,66056.0
2782,User_2782,64728.0
2784,User_2784,98058.0
2794,User_2794,84284.0
2796,User_2796,91110.0
2800,User_2800,69301.0
2806,User_2806,73536.0
2808,User_2808,97085.0
2814,User_2814,66565.0
2816,User_2816,98239.0
2818,User_2818,99733.0
2820,User_2820,57438.0
2822,User_2822,81085.0
2826,User_2826,92576.0
2832,User_2832,99436.0
2838,User_2838,88204.0
2840,User_2840,78915.0
2842,User_2842,53804.0
2844,User_2844,75015.0
2850,User_2850,50815.0
2854,User_2854,53832.0
2858,User_2858,68085.0
2860,User_2860,99725.0
2862,User_2862,81189.0
2864,User_2864,65957.0
2866,User_2866,53209.0
2870,User_2870,56800.0
2872,User_2872,74928.0
2880,User_2880,71276.0
2882,User_2882,74142.0
2884,User_2884,53898.0
2886,User_2886,84434.0
2888,User_2888,67265.0
2890,User_2890,51822.0
2892,User_2892,89137.0
2904,User_2904,82924.0
2906,User_2906,77900.0
2908,User_2908,54353.0
2920,User_2920,80798.0
2922,User_2922,85720.0
2926,User_2926,60120.0
2928,User_2928,70923.0
2930,User_2930,94681.0
2932,User_2932,92791.0
2934,User_2934,74801.0
2940,User_2940,61151.0
2944,User_2944,84451.0
2950,User_2950,53985.0
2964,User_2964,62676.0
2972,User_2972,73545.0
2974,User_2974,92953.0
2980,User_2980,66786.0
2984,User_2984,63958.0
2988,User_2988,73358.0
2992,User_2992,93645.0
2996,User_2996,67994.0
2998,User_2998,55442.0
3000,User_3000,73626.0
3002,User_3002,73079.0
3006,User_3006,62438.0
3008,User_3008,68861.0
3010,User_3010,66775.0
3016,User_3016,80748.0
3018,User_3018,56456.0
3028,User_3028,91762.0
3034,User_3034,79281.0
3036,User_3036,64375.0
3038,User_3038,89350.0
3042,User_3042,93060.0
3044,User_3044,88823.0
3048,User_3048,61068.0
3054,User_3054,72293.0
3058,User_3058,84810.0
3060,User_3060,75628.0
3066,User_3066,65212.0
3070,User_3070,61605.0
3072,User_3072,89730.0
3074,User_3074,52253.0
3084,User_3084,75069.0
3094,User_3094,56958.0
3098,User_3098,88972.0
3120,User_3120,95700.0
3122,User_3122,55087.0
3124,User_3124,52730.0
3126,User_3126,55828.0
3128,User_3128,77687.0
3132,User_3132,53163.0
3138,User_3138,51238.0
3142,User_3142,82147.0
3148,User_3148,63622.0
3154,User_3154,59890.0
3156,User_3156,81767.0
3158,User_3158,58825.0
3166,User_3166,51510.0
3168,User_3168,56062.0
3172,User_3172,52300.0
3176,User_3176,85626.0
3178,User_3178,98967.0
3182,User_3182,84443.0
3188,User_3188,56285.0
3190,User_3190,75854.0
3192,User_3192,70585.0
3196,User_3196,70350.0
3198,User_3198,94107.0
3200,User_3200,94184.0
3202,User_3202,88761.0
3204,User_3204,89825.0
3214,User_3214,79659.0
3216,User_3216,83044.0
3220,User_3220,86779.0
3224,User_3224,83235.0
3226,User_3226,86410.0
3228,User_3228,93227.0
3238,User_3238,75511.0
3240,User_3240,82058.0
3246,User_3246,75862.0
3248,User_3248,89242.0
3250,User_3250,83646.0
3254,User_3254,68826.0
3258,User_3258,89479.0
3260,User_3260,87940.0
3262,User_3262,56742.0
3270,User_3270,73498.0
3272,User_3272,63182.0
3278,User_3278,51871.0
3280,User_3280,63741.0
3282,User_3282,57915.0
3286,User_3286,87386.0
3290,User_3290,82546.0
3292,User_3292,71916.0
3296,User_3296,83611.0
3304,User_3304,87254.0
3306,User_3306,98913.0
3316,User_3316,92935.0
3318,User_3318,56384.0
3326,User_3326,87073.0
3332,User_3332,83058.0
3338,User_3338,62651.0
3346,User_3346,71215.0
3350,User_3350,85386.0
3354,User_3354,65191.0
3356,User_3356,76452.0
3360,User_3360,96066.0
3366,User_3366,73062.0
3374,User_3374,71165.0
3376,User_3376,82215.0
3380,User_3380,98579.0
3382,User_3382,58615.0
3386,User_3386,76597.0
3390,User_3390,63346.0
3394,User_3394,53810.0
3396,User_3396,52490.0
3398,User_3398,92653.0
3402,User_3402,51392.0
3404,User_3404,55953.0
3406,User_3406,85044.0
3408,User_3408,97543.0
3410,User_3410,81667.0
3412,User_3412,90139.0
3414,User_3414,65738.0
3418,User_3418,55653.0
3420,User_3420,63909.0
3426,User_3426,82715.0
3432,User_3432,85579.0
3438,User_3438,54171.0
3440,User_3440,59556.0
3442,User_3442,78817.0
3444,User_3444,84706.0
3446,User_3446,84364.0
3448,User_3448,75119.0
3452,User_3452,97514.0
3454,User_3454,60601.0
3456,User_3456,59982.0
3460,User_3460,59338.0
3466,User_3466,89351.0
3468,User_3468,80132.0
3470,User_3470,83523.0
3472,User_3472,68426.0
3476,User_3476,88814.0
3480,User_3480,55558.0
3482,User_3482,91603.0
3486,User_3486,94571.0
3490,User_3490,58119.0
3492,User_3492,70401.0
3494,User_3494,56919.0
3498,User_3498,66936.0
3500,User_3500,74121.0
3502,User_3502,88279.0
3504,User_3504,99043.0
3506,User_3506,50832.0
3508,User_3508,88871.0
3510,User_3510,59237.0
3514,User_3514,60367.0
3516,User_3516,78294.0
3520,User_3520,77008.0
3522,User_3522,58196.0
3524,User_3524,64444.0
3526,User_3526,67048.0
3536,User_3536,75505.0
3540,User_3540,98828.0
3546,User_3546,81817.0
3548,User_3548,67367.0
3556,User_3556,86259.0
3558,User_3558,66405.0
3568,User_3568,99774.0
3570,User_3570,53293.0
3572,User_3572,93796.0
3574,User_3574,69655.0
3576,User_3576,70342.0
3578,User_3578,77835.0
3580,User_3580,74512.0
3582,User_3582,50820.0
3586,User_3586,60986.0
3592,User_3592,58908.0
3594,User_3594,83885.0
3598,User_3598,87273.0
3602,User_3602,74325.0
3606,User_3606,94234.0
3612,User_3612,62734.0
3614,User_3614,88598.0
3624,User_3624,80627.0
3628,User_3628,68527.0
3638,User_3638,93700.0
3642,User_3642,79293.0
3644,User_3644,99980.0
3646,User_3646,69123.0
3648,User_3648,52572.0
3652,User_3652,53613.0
3654,User_3654,62163.0
3656,User_3656,72952.0
3666,User_3666,84511.0
3672,User_3672,52978.0
3674,User_3674,72726.0
3678,User_3678,87986.0
3680,User_3680,68875.0
3682,User_3682,56031.0
3686,User_3686,51124.0
3688,User_3688,99148.0
3694,User_3694,92568.0
3700,User_3700,63220.0
3706,User_3706,96658.0
3716,User_3716,60140.0
3720,User_3720,90528.0
3722,User_3722,69766.0
3724,User_3724,80235.0
3726,User_3726,83330.0
3728,User_3728,65262.0
3738,User_3738,70766.0
3744,User_3744,51421.0
3746,User_3746,95705.0
3748,User_3748,72387.0
3752,User_3752,75292.0
3756,User_3756,84959.0
3762,User_3762,76694.0
3764,User_3764,98532.0
3766,User_3766,54667.0
3768,User_3768,50505.0
3772,User_3772,67560.0
3774,User_3774,87528.0
3778,User_3778,97235.0
3784,User_3784,52713.0
3786,User_3786,52953.0
3800,User_3800,62234.0
3802,User_3802,71503.0
3810,User_3810,58389.0
3814,User_3814,82456.0
3816,User_3816,93045.0
3818,User_3818,62448.0
3820,User_3820,54868.0
3824,User_3824,82703.0
3826,User_3826,60391.0
3838,User_3838,58043.0
3860,User_3860,90917.0
3862,User_3862,98502.0
3864,User_3864,98513.0
3866,User_3866,62679.0
3870,User_3870,60722.0
3876,User_3876,67008.0
3880,User_3880,87655.0
3882,User_3882,95005.0
3894,User_3894,76976.0
3896,User_3896,56696.0
3900,User_3900,88752.0
3906,User_3906,67494.0
3908,User_3908,82528.0
3916,User_3916,79890.0
3922,User_3922,67409.0
3926,User_3926,93245.0
3934,User_3934,68896.0
3948,User_3948,90957.0
3950,User_3950,98024.0
3962,User_3962,57824.0
3964,User_3964,61576.0
3966,User_3966,89130.0
3968,User_3968,93655.0
3970,User_3970,86856.0
3974,User_3974,78937.0
3982,User_3982,90715.0
3990,User_3990,53408.0
3992,User_3992,56071.0
3994,User_3994,76872.0
3998,User_3998,74005.0
4000,User_4000,57833.0
4006,User_4006,83996.0
4012,User_4012,97054.0
4020,User_4020,91820.0
4026,User_4026,69959.0
4028,User_4028,96031.0
4030,User_4030,76555.0
4032,User_4032,92340.0
4036,User_4036,59744.0
4040,User_4040,68282.0
4042,User_4042,72361.0
4046,User_4046,59205.0
4048,User_4048,75970.0
4050,User_4050,84805.0
4054,User_4054,76940.0
4056,User_4056,66850.0
4060,User_4060,96146.0
4068,User_4068,84350.0
4072,User_4072,75277.0
4074,User_4074,75203.0
4076,User_4076,85788.0
4078,User_4078,90654.0
4088,User_4088,75585.0
4092,User_4092,55298.0
4100,User_4100,51390.0
4106,User_4106,74430.0
4108,User_4108,86565.0
4110,User_4110,87223.0
4112,User_4112,51585.0
4114,User_4114,73445.0
4118,User_4118,68557.0
4120,User_4120,60404.0
4122,User_4122,57530.0
4126,User_4126,75651.0
4130,User_4130,51212.0
4138,User_4138,89056.0
4140,User_4140,95735.0
4144,User_4144,55398.0
4146,User_4146,77328.0
4148,User_4148,51410.0
4150,User_4150,77142.0
4152,User_4152,85655.0
4156,User_4156,68574.0
4158,User_4158,53557.0
4160,User_4160,90875.0
4164,User_4164,84502.0
4166,User_4166,93542.0
4168,User_4168,61275.0
4170,User_4170,98551.0
4172,User_4172,52326.0
4176,User_4176,93578.0
4178,User_4178,56439.0
4180,User_4180,79708.0
4186,User_4186,66326.0
4188,User_4188,52662.0
4190,User_4190,84614.0
4196,User_4196,88371.0
4198,User_4198,82853.0
4202,User_4202,50388.0
4204,User_4204,70480.0
4208,User_4208,52045.0
4214,User_4214,95857.0
4220,User_4220,83496.0
4224,User_4224,59059.0
4230,User_4230,51786.0
4232,User_4232,60459.0
4234,User_4234,58302.0
4236,User_4236,80567.0
4238,User_4238,79452.0
4242,User_4242,69429.0
4246,User_4246,94985.0
4250,User_4250,64816.0
4252,User_4252,75419.0
4254,User_4254,64976.0
4260,User_4260,68819.0
4262,User_4262,99278.0
4266,User_4266,93613.0
4268,User_4268,92214.0
4274,User_4274,92039.0
4280,User_4280,68948.0
4284,User_4284,98069.0
4286,User_4286,69121.0
4294,User_4294,61846.0
4296,User_4296,62343.0
4298,User_4298,98848.0
4302,User_4302,85139.0
4308,User_4308,71409.0
4312,User_4312,95403.0
4320,User_4320,86982.0
4322,User_4322,83928.0
4326,User_4326,84351.0
4328,User_4328,81391.0
4330,User_4330,57974.0
4332,User_4332,79640.0
4334,User_4334,71673.0
4336,User_4336,83434.0
4338,User_4338,78561.0
4340,User_4340,84675.0
4342,User_4342,89170.0
4346,User_4346,95704.0
4348,User_4348,96825.0
4352,User_4352,64494.0
4358,User_4358,59246.0
4362,User_4362,74011.0
4364,User_4364,50337.0
4366,User_4366,76655.0
4368,User_4368,98849.0
4372,User_4372,70266.0
4378,User_4378,95835.0
4380,User_4380,76301.0
4382,User_4382,81455.0
4384,User_4384,58485.0
4388,User_4388,94615.0
4392,User_4392,54865.0
4394,User_4394,55201.0
4396,User_4396,86153.0
4402,User_4402,79170.0
4406,User_4406,97539.0
4408,User_4408,78274.0
4410,User_4410,82696.0
4412,User_4412,52033.0
4416,User_4416,93178.0
4422,User_4422,84966.0
4436,User_4436,60269.0
4444,User_4444,98771.0
4446,User_4446,59735.0
4448,User_4448,72933.0
4454,User_4454,62730.0
4462,User_4462,61789.0
4464,User_4464,68688.0
4466,User_4466,92836.0
4468,User_4468,96071.0
4470,User_4470,93181.0
4472,User_4472,85697.0
4474,User_4474,95766.0
4480,User_4480,63659.0
4482,User_4482,54772.0
4486,User_4486,52584.0
4492,User_4492,75990.0
4498,User_4498,86761.0
4500,User_4500,55242.0
4502,User_4502,66035.0
4504,User_4504,51012.0
4506,User_4506,59020.0
4508,User_4508,99653.0
4510,User_4510,99799.0
4512,User_4512,50054.0
4514,User_4514,90473.0
4520,User_4520,88808.0
4524,User_4524,93024.0
4526,User_4526,66046.0
4530,User_4530,73203.0
4534,User_4534,75881.0
4540,User_4540,87374.0
4544,User_4544,97889.0
4548,User_4548,79857.0
4550,User_4550,60255.0
4552,User_4552,54323.0
4560,User_4560,91577.0
4562,User_4562,94311.0
4564,User_4564,82828.0
4568,User_4568,77121.0
4572,User_4572,75811.0
4580,User_4580,66577.0
4582,User_4582,86149.0
4586,User_4586,57749.0
4592,User_4592,69335.0
4602,User_4602,50522.0
4604,User_4604,97318.0
4608,User_4608,97782.0
4612,User_4612,52396.0
4614,User_4614,57651.0
4618,User_4618,99462.0
4624,User_4624,89945.0
4626,User_4626,73383.0
4628,User_4628,86663.0
4636,User_4636,71983.0
4638,User_4638,52612.0
4644,User_4644,58766.0
4648,User_4648,84148.0
4652,User_4652,63475.0
4654,User_4654,59206.0
4658,User_4658,66801.0
4660,User_4660,98544.0
4666,User_4666,79871.0
4670,User_4670,54702.0
4672,User_4672,74121.0
4676,User_4676,61000.0
4678,User_4678,61540.0
4680,User_4680,74736.0
4682,User_4682,78195.0
4684,User_4684,78128.0
4686,User_4686,60660.0
4688,User_4688,79140.0
4698,User_4698,76668.0
4700,User_4700,70968.0
4702,User_4702,56534.0
4704,User_4704,99278.0
4706,User_4706,85752.0
4708,User_4708,67245.0
4712,User_4712,90552.0
4718,User_4718,56845.0
4732,User_4732,63645.0
4734,User_4734,60228.0
4736,User_4736,72974.0
4740,User_4740,52209.0
4742,User_4742,70716.0
4744,User_4744,53581.0
4746,User_4746,87232.0
4748,User_4748,94690.0
4760,User_4760,50625.0
4762,User_4762,70107.0
4768,User_4768,58567.0
4770,User_4770,51974.0
4776,User_4776,92893.0
4782,User_4782,61207.0
4784,User_4784,77199.0
4790,User_4790,88156.0
4792,User_4792,52268.0
4794,User_4794,75085.0
4796,User_4796,96536.0
4814,User_4814,80398.0
4820,User_4820,96510.0
4826,User_4826,64178.0
4828,User_4828,92259.0
4830,User_4830,99030.0
4836,User_4836,81565.0
4838,User_4838,84891.0
4840,User_4840,64345.0
4844,User_4844,77082.0
4854,User_4854,93504.0
4856,User_4856,97458.0
4860,User_4860,76063.0
4862,User_4862,61242.0
4864,User_4864,53205.0
4868,User_4868,65288.0
4876,User_4876,96859.0
4878,User_4878,82801.0
4882,User_4882,74596.0
4886,User_4886,62801.0
4888,User_4888,90991.0
4892,User_4892,50529.0
4894,User_4894,57357.0
4898,User_4898,97119.0
4902,User_4902,96529.0
4904,User_4904,62423.0
4906,User_4906,59293.0
4912,User_4912,52219.0
4918,User_4918,82106.0
4924,User_4924,68720.0
4926,User_4926,54358.0
4930,User_4930,92667.0
4934,User_4934,60004.0
4936,User_4936,71699.0
4940,User_4940,50333.0
4942,User_4942,86203.0
4948,User_4948,85117.0
4954,User_4954,59817.0
4956,User_4956,98743.0
4958,User_4958,71911.0
4966,User_4966,84108.0
4970,User_4970,89943.0
4972,User_4972,75656.0
4976,User_4976,99772.0
4980,User_4980,53244.0
4984,User_4984,63314.0
4986,User_4986,93731.0
4988,User_4988,58123.0
4992,User_4992,91295.0
4996,User_4996,96553.0
5006,User_5006,65380.0
5012,User_5012,95896.0
5016,User_5016,54841.0
5018,User_5018,60349.0
5020,User_5020,64848.0
5022,User_5022,60271.0
5028,User_5028,91514.0
5034,User_5034,95128.0
5036,User_5036,56446.0
5038,User_5038,50887.0
5040,User_5040,82957.0
5042,User_5042,70765.0
5044,User_5044,95393.0
5046,User_5046,89183.0
5052,User_5052,78575.0
5056,User_5056,97402.0
5062,User_5062,63179.0
5064,User_5064,99628.0
5066,User_5066,73362.0
5068,User_5068,82310.0
5072,User_5072,74932.0
5074,User_5074,54788.0
5076,User_5076,74235.0
5078,User_5078,86685.0
5080,User_5080,84506.0
5082,User_5082,69337.0
5086,User_5086,53722.0
5088,User_5088,52375.0
5094,User_5094,52458.0
5096,User_5096,90479.0
5104,User_5104,92861.0
5108,User_5108,69594.0
5110,User_5110,51149.0
5112,User_5112,95971.0
5122,User_5122,61996.0
5124,User_5124,89517.0
5126,User_5126,98173.0
5130,User_5130,76807.0
5132,User_5132,83003.0
5134,User_5134,50846.0
5136,User_5136,73843.0
5142,User_5142,98466.0
5148,User_5148,73955.0
5150,User_5150,82704.0
5154,User_5154,51503.0
5156,User_5156,56264.0
5160,User_5160,70357.0
5162,User_5162,52224.0
5164,User_5164,88985.0
5170,User_5170,98810.0
5176,User_5176,93823.0
5178,User_5178,52075.0
5182,User_5182,63258.0
5186,User_5186,84989.0
5192,User_5192,58136.0
5196,User_5196,65215.0
5198,User_5198,78230.0
5200,User_5200,63513.0
5202,User_5202,69101.0
5204,User_5204,85421.0
5208,User_5208,72533.0
5212,User_5212,65358.0
5216,User_5216,77063.0
5218,User_5218,62866.0
5220,User_5220,81217.0
5222,User_5222,88430.0
5228,User_5228,97352.0
5230,User_5230,66716.0
5232,User_5232,93648.0
5236,User_5236,88481.0
5238,User_5238,67677.0
5242,User_5242,79244.0
5244,User_5244,78643.0
5246,User_5246,53076.0
5256,User_5256,52293.0
5258,User_5258,55140.0
5268,User_5268,67988.0
5270,User_5270,79904.0
5272,User_5272,52942.0
5280,User_5280,76684.0
5284,User_5284,64412.0
5286,User_5286,71397.0
5290,User_5290,54411.0
5302,User_5302,57805.0
5304,User_5304,50405.0
5306,User_5306,82225.0
5318,User_5318,81607.0
5320,User_5320,72199.0
5324,User_5324,66180.0
5326,User_5326,81691.0
5328,User_5328,62438.0
5330,User_5330,64140.0
5332,User_5332,90878.0
5340,User_5340,98831.0
5342,User_5342,66157.0
5346,User_5346,76388.0
5354,User_5354,94787.0
5356,User_5356,99630.0
5360,User_5360,77195.0
5366,User_5366,71187.0
5368,User_5368,82791.0
5370,User_5370,69667.0
5372,User_5372,76403.0
5374,User_5374,85198.0
5382,User_5382,53135.0
5384,User_5384,64240.0
5388,User_5388,82721.0
5390,User_5390,90921.0
5394,User_5394,92776.0
5396,User_5396,63096.0
5398,User_5398,78141.0
5408,User_5408,88214.0
5410,User_5410,81931.0
5418,User_5418,85189.0
5420,User_5420,63664.0
5422,User_5422,84396.0
5424,User_5424,97322.0
5426,User_5426,95653.0
5428,User_5428,75136.0
5432,User_5432,88149.0
5436,User_5436,50901.0
5442,User_5442,62582.0
5456,User_5456,96916.0
5462,User_5462,93011.0
5472,User_5472,60769.0
5480,User_5480,62302.0
5486,User_5486,90033.0
5494,User_5494,52844.0
5498,User_5498,86985.0
5500,User_5500,58041.0
5514,User_5514,69882.0
5518,User_5518,83060.0
5526,User_5526,92057.0
5532,User_5532,67830.0
5534,User_5534,59447.0
5544,User_5544,69372.0
5552,User_5552,54031.0
5556,User_5556,60884.0
5558,User_5558,96059.0
5564,User_5564,81909.0
5568,User_5568,98461.0
5570,User_5570,60642.0
5584,User_5584,71789.0
5586,User_5586,71849.0
5588,User_5588,75998.0
5590,User_5590,70784.0
5592,User_5592,52989.0
5594,User_5594,75898.0
5596,User_5596,52516.0
5600,User_5600,59752.0
5610,User_5610,55443.0
5614,User_5614,62434.0
5616,User_5616,69546.0
5618,User_5618,91252.0
5620,User_5620,84712.0
5624,User_5624,81040.0
5626,User_5626,70224.0
5628,User_5628,84130.0
5630,User_5630,90310.0
5636,User_5636,93683.0
5638,User_5638,69336.0
5640,User_5640,98482.0
5644,User_5644,84291.0
5650,User_5650,67519.0
5652,User_5652,95292.0
5654,User_5654,79718.0
5658,User_5658,59064.0
5662,User_5662,56056.0
5666,User_5666,96576.0
5668,User_5668,86342.0
5672,User_5672,72058.0
5674,User_5674,54660.0
5676,User_5676,71038.0
5682,User_5682,53418.0
5686,User_5686,80887.0
5694,User_5694,63445.0
5696,User_5696,52924.0
5698,User_5698,65254.0
5700,User_5700,90759.0
5702,User_5702,84069.0
5704,User_5704,99664.0
5706,User_5706,73198.0
5710,User_5710,51102.0
5712,User_5712,80901.0
5720,User_5720,67088.0
5730,User_5730,59295.0
5732,User_5732,53473.0
5736,User_5736,63003.0
5740,User_5740,56147.0
5742,User_5742,58571.0
5750,User_5750,96097.0
5752,User_5752,99907.0
5754,User_5754,84606.0
5756,User_5756,88382.0
5760,User_5760,74621.0
5762,User_5762,87978.0
5766,User_5766,88151.0
5772,User_5772,92861.0
5774,User_5774,60026.0
5776,User_5776,52320.0
5786,User_5786,86179.0
5788,User_5788,99734.0
5792,User_5792,94162.0
5794,User_5794,72425.0
5804,User_5804,69394.0
5806,User_5806,62545.0
5808,User_5808,85912.0
5810,User_5810,79102.0
5812,User_5812,82699.0
5818,User_5818,68205.0
5824,User_5824,90185.0
5830,User_5830,61526.0
5832,User_5832,78487.0
5834,User_5834,76531.0
5836,User_5836,95300.0
5840,User_5840,65005.0
5842,User_5842,82816.0
5848,User_5848,63851.0
5854,User_5854,57177.0
5856,User_5856,64060.0
5858,User_5858,92993.0
5868,User_5868,97317.0
5872,User_5872,53988.0
5876,User_5876,75335.0
5878,User_5878,90407.0
5880,User_5880,93840.0
5882,User_5882,95692.0
5884,User_5884,80339.0
5886,User_5886,81379.0
5888,User_5888,54227.0
5900,User_5900,79296.0
5902,User_5902,92257.0
5912,User_5912,95163.0
5916,User_5916,89793.0
5918,User_5918,66960.0
5922,User_5922,69782.0
5924,User_5924,69684.0
5928,User_5928,99389.0
5934,User_5934,95539.0
5938,User_5938,58598.0
5940,User_5940,96980.0
5942,User_5942,81213.0
5952,User_5952,81734.0
5956,User_5956,98417.0
5958,User_5958,89351.0
5960,User_5960,57786.0
5962,User_5962,65053.0
5964,User_5964,84466.0
5966,User_5966,59759.0
5982,User_5982,66729.0
5986,User_5986,52406.0
5996,User_5996,84510.0
6002,User_6002,59448.0
6006,User_6006,97792.0
6008,User_6008,70651.0
6010,User_6010,50844.0
6012,User_6012,70791.0
6014,User_6014,81894.0
6024,User_6024,50215.0
6028,User_6028,72710.0
6030,User_6030,62954.0
6032,User_6032,54749.0
6038,User_6038,70047.0
6044,User_6044,97339.0
6050,User_6050,69488.0
6056,User_6056,70309.0
6066,User_6066,68471.0
6068,User_6068,93574.0
6070,User_6070,57513.0
6072,User_6072,99554.0
6080,User_6080,72816.0
6082,User_6082,77233.0
6090,User_6090,60443.0
6092,User_6092,57493.0
6094,User_6094,78937.0
6096,User_6096,73829.0
6100,User_6100,71233.0
6102,User_6102,93988.0
6104,User_6104,50307.0
6106,User_6106,91072.0
6108,User_6108,98524.0
6110,User_6110,57627.0
6114,User_6114,92835.0
6116,User_6116,93084.0
6124,User_6124,73201.0
6126,User_6126,77053.0
6130,User_6130,90420.0
6132,User_6132,53899.0
6134,User_6134,86425.0
6148,User_6148,87608.0
6152,User_6152,93757.0
6156,User_6156,60658.0
6160,User_6160,98226.0
6164,User_6164,86822.0
6174,User_6174,51077.0
6176,User_6176,58727.0
6178,User_6178,78035.0
6184,User_6184,74953.0
6198,User_6198,77132.0
6200,User_6200,52092.0
6202,User_6202,77254.0
6210,User_6210,64519.0
6212,User_6212,95080.0
6220,User_6220,67839.0
6226,User_6226,78204.0
6232,User_6232,86713.0
6234,User_6234,68918.0
6236,User_6236,77333.0
6238,User_6238,78688.0
6242,User_6242,69546.0
6246,User_6246,83357.0
6250,User_6250,61759.0
6252,User_6252,81982.0
6254,User_6254,66181.0
6260,User_6260,98610.0
6262,User_6262,89626.0
6270,User_6270,82819.0
6272,User_6272,81914.0
6274,User_6274,87654.0
6276,User_6276,96017.0
6282,User_6282,63377.0
6284,User_6284,78504.0
6286,User_6286,54975.0
6292,User_6292,54138.0
6300,User_6300,64714.0
6304,User_6304,96218.0
6314,User_6314,97762.0
6318,User_6318,79801.0
6320,User_6320,85817.0
6330,User_6330,72352.0
6344,User_6344,76680.0
6350,User_6350,62728.0
6354,User_6354,50176.0
6356,User_6356,94941.0
6360,User_6360,57699.0
6362,User_6362,94152.0
6364,User_6364,90880.0
6376,User_6376,84000.0
6382,User_6382,57974.0
6390,User_6390,93057.0
6392,User_6392,57320.0
6402,User_6402,79122.0
6404,User_6404,88724.0
6408,User_6408,69779.0
6410,User_6410,71638.0
6412,User_6412,53261.0
6416,User_6416,54536.0
6418,User_6418,53901.0
6420,User_6420,96365.0
6424,User_6424,81708.0
6426,User_6426,93663.0
6432,User_6432,62251.0
6438,User_6438,71403.0
6440,User_6440,53608.0
6442,User_6442,53124.0
6446,User_6446,96929.0
6452,User_6452,69089.0
6454,User_6454,75951.0
6456,User_6456,85792.0
6458,User_6458,91974.0
6466,User_6466,90559.0
6470,User_6470,86300.0
6472,User_6472,86987.0
6482,User_6482,96916.0
6484,User_6484,97690.0
6490,User_6490,97717.0
6498,User_6498,59531.0
6500,User_6500,54021.0
6504,User_6504,60170.0
6506,User_6506,77905.0
6508,User_6508,62667.0
6510,User_6510,65252.0
6512,User_6512,94368.0
6524,User_6524,62465.0
6526,User_6526,67752.0
6528,User_6528,88048.0
6530,User_6530,94126.0
6532,User_6532,57216.0
6534,User_6534,98289.0
6536,User_6536,91791.0
6538,User_6538,94185.0
6542,User_6542,54176.0
6546,User_6546,86146.0
6548,User_6548,77322.0
6550,User_6550,56984.0
6556,User_6556,91730.0
6562,User_6562,90741.0
6564,User_6564,80627.0
6566,User_6566,53248.0
6568,User_6568,80108.0
6576,User_6576,95113.0
6580,User_6580,58714.0
6582,User_6582,96617.0
6590,User_6590,64415.0
6598,User_6598,71487.0
6602,User_6602,74701.0
6604,User_6604,71720.0
6606,User_6606,58486.0
6608,User_6608,51456.0
6610,User_6610,95696.0
6614,User_6614,76540.0
6616,User_6616,96310.0
6618,User_6618,91362.0
6622,User_6622,84588.0
6630,User_6630,84951.0
6634,User_6634,69199.0
6638,User_6638,91272.0
6642,User_6642,62355.0
6644,User_6644,72318.0
6646,User_6646,80768.0
6652,User_6652,53500.0
6662,User_6662,92607.0
6664,User_6664,61082.0
6668,User_6668,62191.0
6670,User_6670,97029.0
6672,User_6672,90559.0
6674,User_6674,68934.0
6678,User_6678,62729.0
6680,User_6680,89272.0
6686,User_6686,88737.0
6692,User_6692,97762.0
6694,User_6694,68454.0
6710,User_6710,90410.0
6712,User_6712,55380.0
6714,User_6714,70703.0
6722,User_6722,84443.0
6726,User_6726,99014.0
6728,User_6728,89263.0
6730,User_6730,51266.0
6740,User_6740,89581.0
6744,User_6744,62681.0
6746,User_6746,95710.0
6752,User_6752,80677.0
6756,User_6756,64917.0
6758,User_6758,72952.0
6760,User_6760,84114.0
6762,User_6762,56599.0
6766,User_6766,85630.0
6768,User_6768,75700.0
6774,User_6774,83850.0
6778,User_6778,92666.0
6782,User_6782,71282.0
6786,User_6786,54071.0
6792,User_6792,92273.0
6794,User_6794,52112.0
6798,User_6798,57240.0
6802,User_6802,99846.0
6804,User_6804,90354.0
6806,User_6806,67104.0
6810,User_6810,57211.0
6812,User_6812,82717.0
6816,User_6816,82306.0
6826,User_6826,94289.0
6828,User_6828,72786.0
6832,User_6832,89860.0
6836,User_6836,51025.0
6840,User_6840,80330.0
6848,User_6848,65825.0
6852,User_6852,77289.0
6856,User_6856,93825.0
6858,User_6858,84690.0
6860,User_6860,73376.0
6864,User_6864,80323.0
6868,User_6868,54455.0
6870,User_6870,86819.0
6876,User_6876,69582.0
6878,User_6878,91708.0
6880,User_6880,57671.0
6882,User_6882,72053.0
6888,User_6888,53552.0
6894,User_6894,75839.0
6898,User_6898,72162.0
6902,User_6902,93149.0
6906,User_6906,64092.0
6910,User_6910,55780.0
6918,User_6918,92144.0
6926,User_6926,71425.0
6928,User_6928,94997.0
6930,User_6930,79184.0
6940,User_6940,81653.0
6942,User_6942,86723.0
6944,User_6944,70288.0
6946,User_6946,73478.0
6948,User_6948,53239.0
6952,User_6952,54747.0
6966,User_6966,53025.0
6974,User_6974,83472.0
6976,User_6976,57227.0
6978,User_6978,84565.0
6980,User_6980,82294.0
6982,User_6982,90582.0
6984,User_6984,98364.0
6988,User_6988,50144.0
6992,User_6992,88882.0
6994,User_6994,80808.0
6996,User_6996,69695.0
6998,User_6998,75012.0
7004,User_7004,65292.0
7006,User_7006,80832.0
7012,User_7012,53781.0
7018,User_7018,79811.0
7034,User_7034,69825.0
7044,User_7044,73928.0
7046,User_7046,71174.0
7056,User_7056,65127.0
7058,User_7058,89733.0
7066,User_7066,72465.0
7068,User_7068,93869.0
7070,User_7070,60213.0
7086,User_7086,62188.0
7088,User_7088,60857.0
7098,User_7098,56802.0
7100,User_7100,71463.0
7104,User_7104,80333.0
7110,User_7110,80792.0
7112,User_7112,81166.0
7114,User_7114,67099.0
7116,User_7116,60320.0
7120,User_7120,56092.0
7124,User_7124,74344.0
7138,User_7138,67815.0
7146,User_7146,58753.0
7154,User_7154,61918.0
7156,User_7156,56527.0
7164,User_7164,59664.0
7166,User_7166,77075.0
7168,User_7168,68415.0
7176,User_7176,77358.0
7190,User_7190,84369.0
7194,User_7194,62619.0
7210,User_7210,82796.0
7214,User_7214,53630.0
7216,User_7216,95039.0
7222,User_7222,78007.0
7224,User_7224,56854.0
7226,User_7226,60725.0
7228,User_7228,74242.0
7234,User_7234,96966.0
7238,User_7238,84910.0
7240,User_7240,52380.0
7244,User_7244,57187.0
7246,User_7246,76269.0
7252,User_7252,90507.0
7254,User_7254,90920.0
7256,User_7256,55001.0
7260,User_7260,81355.0
7262,User_7262,73663.0
7264,User_7264,97476.0
7266,User_7266,80661.0
7268,User_7268,90653.0
7274,User_7274,75247.0
7276,User_7276,67312.0
7282,User_7282,71908.0
7284,User_7284,95462.0
7286,User_7286,99279.0
7288,User_7288,58827.0
7292,User_7292,52063.0
7294,User_7294,81316.0
7296,User_7296,56850.0
7298,User_7298,67689.0
7300,User_7300,74447.0
7302,User_7302,66870.0
7304,User_7304,63739.0
7306,User_7306,63938.0
7312,User_7312,65339.0
7318,User_7318,79425.0
7320,User_7320,72276.0
7338,User_7338,75654.0
7342,User_7342,81005.0
7344,User_7344,98701.0
7350,User_7350,97687.0
7352,User_7352,77761.0
7354,User_7354,84854.0
7356,User_7356,56194.0
7360,User_7360,51274.0
7362,User_7362,52209.0
7366,User_7366,54316.0
7372,User_7372,80827.0
7374,User_7374,89610.0
7376,User_7376,96245.0
7384,User_7384,95444.0
7396,User_7396,65533.0
7398,User_7398,86380.0
7400,User_7400,67298.0
7402,User_7402,97182.0
7404,User_7404,70542.0
7408,User_7408,94851.0
7410,User_7410,79744.0
7412,User_7412,83592.0
7418,User_7418,68812.0
7422,User_7422,57058.0
7424,User_7424,76546.0
7426,User_7426,67514.0
7428,User_7428,61640.0
7430,User_7430,66528.0
7432,User_7432,96917.0
7434,User_7434,66104.0
7438,User_7438,68703.0
7442,User_7442,74961.0
7446,User_7446,56631.0
7452,User_7452,86284.0
7454,User_7454,67520.0
7458,User_7458,80109.0
7460,User_7460,55797.0
7466,User_7466,97804.0
7470,User_7470,62949.0
7476,User_7476,75532.0
7480,User_7480,72215.0
7482,User_7482,55595.0
7484,User_7484,55080.0
7486,User_7486,74035.0
7494,User_7494,60894.0
7496,User_7496,94653.0
7498,User_7498,80912.0
7500,User_7500,67551.0
7502,User_7502,55629.0
7504,User_7504,50364.0
7506,User_7506,64234.0
7508,User_7508,51452.0
7512,User_7512,90448.0
7514,User_7514,96174.0
7518,User_7518,69665.0
7522,User_7522,61576.0
7524,User_7524,67406.0
7526,User_7526,79020.0
7530,User_7530,98238.0
7536,User_7536,97701.0
7544,User_7544,85480.0
7546,User_7546,55361.0
7550,User_7550,96225.0
7556,User_7556,83361.0
7564,User_7564,66607.0
7566,User_7566,84437.0
7572,User_7572,59088.0
7580,User_7580,54823.0
7584,User_7584,59954.0
7586,User_7586,73940.0
7588,User_7588,58855.0
7590,User_7590,55817.0
7594,User_7594,79627.0
7600,User_7600,64312.0
7602,User_7602,97453.0
7604,User_7604,93108.0
7606,User_7606,53945.0
7610,User_7610,88604.0
7612,User_7612,54172.0
7614,User_7614,83624.0
7618,User_7618,84238.0
7620,User_7620,95418.0
7622,User_7622,62678.0
7626,User_7626,50968.0
7634,User_7634,68812.0
7636,User_7636,55319.0
7646,User_7646,53435.0
7652,User_7652,50263.0
7664,User_7664,96656.0
7668,User_7668,64846.0
7670,User_7670,84679.0
7674,User_7674,65856.0
7676,User_7676,52190.0
7684,User_7684,59358.0
7692,User_7692,73066.0
7694,User_7694,66568.0
7696,User_7696,61581.0
7708,User_7708,97559.0
7712,User_7712,80697.0
7714,User_7714,57361.0
7716,User_7716,74646.0
7718,User_7718,51484.0
7720,User_7720,56862.0
7724,User_7724,70623.0
7726,User_7726,61203.0
7728,User_7728,95732.0
7732,User_7732,57039.0
7734,User_7734,95872.0
7738,User_7738,62333.0
7740,User_7740,60105.0
7742,User_7742,56127.0
7744,User_7744,88568.0
7746,User_7746,77675.0
7748,User_7748,82340.0
7750,User_7750,65878.0
7752,User_7752,90453.0
7754,User_7754,82353.0
7758,User_7758,75183.0
7760,User_7760,66083.0
7768,User_7768,65521.0
7770,User_7770,96766.0
7772,User_7772,61649.0
7778,User_7778,95865.0
7780,User_7780,63373.0
7782,User_7782,82189.0
7784,User_7784,77317.0
7792,User_7792,58014.0
7800,User_7800,61689.0
7804,User_7804,60989.0
7806,User_7806,51681.0
7812,User_7812,57325.0
7822,User_7822,51092.0
7826,User_7826,97399.0
7832,User_7832,63983.0
7834,User_7834,87541.0
7836,User_7836,78873.0
7842,User_7842,51282.0
7850,User_7850,84187.0
7856,User_7856,74135.0
7862,User_7862,84090.0
7878,User_7878,93564.0
7880,User_7880,69845.0
7884,User_7884,67246.0
7886,User_7886,56064.0
7888,User_7888,51519.0
7892,User_7892,97672.0
7894,User_7894,94798.0
7896,User_7896,88623.0
7900,User_7900,73151.0
7904,User_7904,92145.0
7906,User_7906,51861.0
7910,User_7910,66815.0
7912,User_7912,73287.0
7914,User_7914,98402.0
7926,User_7926,95020.0
7928,User_7928,73466.0
7930,User_7930,98686.0
7932,User_7932,69264.0
7934,User_7934,57401.0
7938,User_7938,85594.0
7944,User_7944,55007.0
7948,User_7948,55682.0
7954,User_7954,74144.0
7956,User_7956,57779.0
7958,User_7958,75794.0
7964,User_7964,68732.0
7980,User_7980,93162.0
7996,User_7996,56082.0
8002,User_8002,62839.0
8004,User_8004,61918.0
8006,User_8006,53192.0
8008,User_8008,75097.0
8010,User_8010,50552.0
8012,User_8012,99724.0
8014,User_8014,94774.0
8016,User_8016,55489.0
8018,User_8018,61011.0
8026,User_8026,56936.0
8032,User_8032,72598.0
8034,User_8034,90615.0
8040,User_8040,72564.0
8042,User_8042,63058.0
8046,User_8046,52854.0
8048,User_8048,70994.0
8052,User_8052,66590.0
8054,User_8054,63085.0
8060,User_8060,94975.0
8064,User_8064,65664.0
8066,User_8066,64487.0
8072,User_8072,96879.0
8074,User_8074,57474.0
8080,User_8080,86372.0
8082,User_8082,66673.0
8086,User_8086,55440.0
8088,User_8088,99095.0
8094,User_8094,81860.0
8098,User_8098,66900.0
8100,User_8100,68269.0
8102,User_8102,95110.0
8106,User_8106,54376.0
8108,User_8108,76768.0
8112,User_8112,57804.0
8114,User_8114,83622.0
8116,User_8116,63412.0
8118,User_8118,88548.0
8128,User_8128,78814.0
8138,User_8138,60354.0
8140,User_8140,98364.0
8142,User_8142,61092.0
8146,User_8146,64633.0
8148,User_8148,72277.0
8152,User_8152,86643.0
8154,User_8154,84796.0
8162,User_8162,71103.0
8164,User_8164,96652.0
8170,User_8170,93685.0
8172,User_8172,55615.0
8174,User_8174,86771.0
8184,User_8184,58439.0
8188,User_8188,76797.0
8194,User_8194,69655.0
8198,User_8198,77147.0
8202,User_8202,80755.0
8204,User_8204,60889.0
8208,User_8208,80446.0
8214,User_8214,91328.0
8218,User_8218,76386.0
8220,User_8220,65904.0
8222,User_8222,58513.0
8224,User_8224,72133.0
8226,User_8226,83494.0
8230,User_8230,67772.0
8232,User_8232,95051.0
8234,User_8234,63217.0
8236,User_8236,91161.0
8238,User_8238,76567.0
8240,User_8240,65884.0
8244,User_8244,66424.0
8246,User_8246,65941.0
8248,User_8248,69735.0
8250,User_8250,70811.0
8252,User_8252,94495.0
8254,User_8254,67484.0
8256,User_8256,80717.0
8258,User_8258,62622.0
8260,User_8260,84790.0
8266,User_8266,92874.0
8268,User_8268,93786.0
8272,User_8272,92456.0
8276,User_8276,54198.0
8278,User_8278,71141.0
8284,User_8284,78205.0
8290,User_8290,91795.0
8292,User_8292,54195.0
8300,User_8300,73151.0
8304,User_8304,98314.0
8306,User_8306,76712.0
8314,User_8314,73010.0
8316,User_8316,68734.0
8318,User_8318,65315.0
8326,User_8326,50753.0
8328,User_8328,63990.0
8330,User_8330,65820.0
8334,User_8334,55263.0
8340,User_8340,54323.0
8346,User_8346,94365.0
8350,User_8350,65940.0
8352,User_8352,81288.0
8354,User_8354,57018.0
8356,User_8356,97809.0
8358,User_8358,99906.0
8364,User_8364,60046.0
8366,User_8366,99168.0
8370,User_8370,80140.0
8374,User_8374,93977.0
8380,User_8380,80967.0
8382,User_8382,67909.0
8384,User_8384,83532.0
8386,User_8386,89607.0
8390,User_8390,55623.0
8396,User_8396,82221.0
8400,User_8400,66917.0
8402,User_8402,88947.0
8406,User_8406,98849.0
8408,User_8408,59996.0
8412,User_8412,74799.0
8416,User_8416,69935.0
8422,User_8422,50874.0
8424,User_8424,59652.0
8456,User_8456,60068.0
8468,User_8468,65248.0
8474,User_8474,86168.0
8478,User_8478,82171.0
8482,User_8482,60421.0
8486,User_8486,86453.0
8488,User_8488,90125.0
8492,User_8492,55615.0
8498,User_8498,79537.0
8500,User_8500,72324.0
8504,User_8504,52760.0
8508,User_8508,51213.0
8510,User_8510,91378.0
8512,User_8512,81397.0
8514,User_8514,51154.0
8518,User_8518,61998.0
8522,User_8522,87916.0
8528,User_8528,73530.0
8530,User_8530,63451.0
8532,User_8532,52498.0
8536,User_8536,74208.0
8544,User_8544,93467.0
8550,User_8550,64289.0
8552,User_8552,70962.0
8554,User_8554,51991.0
8556,User_8556,74939.0
8560,User_8560,55482.0
8562,User_8562,70042.0
8566,User_8566,91859.0
8568,User_8568,57678.0
8570,User_8570,83272.0
8572,User_8572,66304.0
8576,User_8576,73878.0
8580,User_8580,79535.0
8582,User_8582,51935.0
8588,User_8588,96920.0
8590,User_8590,54964.0
8596,User_8596,59026.0
8598,User_8598,68257.0
8602,User_8602,64831.0
8608,User_8608,53714.0
8610,User_8610,91821.0
8614,User_8614,96862.0
8616,User_8616,92630.0
8620,User_8620,59391.0
8626,User_8626,57099.0
8628,User_8628,55980.0
8638,User_8638,87830.0
8640,User_8640,51216.0
8648,User_8648,96892.0
8650,User_8650,51814.0
8656,User_8656,60730.0
8660,User_8660,99145.0
8662,User_8662,85467.0
8664,User_8664,74658.0
8668,User_8668,59906.0
8670,User_8670,62450.0
8672,User_8672,96683.0
8674,User_8674,65904.0
8676,User_8676,56755.0
8678,User_8678,75209.0
8686,User_8686,92879.0
8688,User_8688,95916.0
8690,User_8690,97742.0
8692,User_8692,82789.0
8696,User_8696,88725.0
8698,User_8698,72950.0
8700,User_8700,89190.0
8702,User_8702,69163.0
8706,User_8706,59112.0
8716,User_8716,95713.0
8722,User_8722,96524.0
8726,User_8726,87686.0
8728,User_8728,64462.0
8734,User_8734,60806.0
8740,User_8740,67735.0
8742,User_8742,92077.0
8744,User_8744,82272.0
8752,User_8752,63478.0
8754,User_8754,97937.0
8756,User_8756,52497.0
8758,User_8758,94233.0
8768,User_8768,94916.0
8770,User_8770,81730.0
8774,User_8774,67941.0
8776,User_8776,93327.0
8778,User_8778,89030.0
8782,User_8782,95109.0
8786,User_8786,84884.0
8788,User_8788,69227.0
8792,User_8792,64357.0
8794,User_8794,85110.0
8796,User_8796,72181.0
8800,User_8800,82781.0
8804,User_8804,92031.0
8812,User_8812,96131.0
8814,User_8814,70040.0
8816,User_8816,82097.0
8820,User_8820,98275.0
8824,User_8824,60412.0
8826,User_8826,69319.0
8830,User_8830,69076.0
8834,User_8834,95176.0
8838,User_8838,80644.0
8842,User_8842,99622.0
8844,User_8844,84283.0
8846,User_8846,66395.0
8848,User_8848,62841.0
8850,User_8850,79787.0
8856,User_8856,83776.0
8858,User_8858,75719.0
8860,User_8860,78355.0
8868,User_8868,89658.0
8870,User_8870,88059.0
8872,User_8872,90228.0
8874,User_8874,83789.0
8876,User_8876,57654.0
8882,User_8882,63751.0
8890,User_8890,87203.0
8894,User_8894,68263.0
8896,User_8896,60753.0
8898,User_8898,66163.0
8902,User_8902,80578.0
8906,User_8906,69279.0
8910,User_8910,74421.0
8914,User_8914,53889.0
8920,User_8920,84864.0
8922,User_8922,50013.0
8926,User_8926,54977.0
8928,User_8928,92801.0
8932,User_8932,63499.0
8944,User_8944,56934.0
8946,User_8946,88094.0
8950,User_8950,97737.0
8960,User_8960,91833.0
8966,User_8966,88862.0
8972,User_8972,57841.0
8974,User_8974,76796.0
8976,User_8976,60011.0
8978,User_8978,58732.0
8982,User_8982,76667.0
8984,User_8984,92559.0
8988,User_8988,59403.0
8992,User_8992,98815.0
8994,User_8994,79380.0
8996,User_8996,78330.0
9002,User_9002,56490.0
9008,User_9008,66004.0
9010,User_9010,53203.0
9016,User_9016,72750.0
9018,User_9018,73081.0
9020,User_9020,50977.0
9022,User_9022,94370.0
9026,User_9026,89323.0
9028,User_9028,52026.0
9030,User_9030,56554.0
9034,User_9034,66836.0
9038,User_9038,76931.0
9042,User_9042,80188.0
9044,User_9044,76016.0
9046,User_9046,89395.0
9048,User_9048,62968.0
9050,User_9050,59661.0
9054,User_9054,55805.0
9062,User_9062,68384.0
9064,User_9064,66339.0
9066,User_9066,88128.0
9070,User_9070,94515.0
9076,User_9076,77789.0
9078,User_9078,78150.0
9088,User_9088,55307.0
9092,User_9092,55429.0
9098,User_9098,71282.0
9100,User_9100,69127.0
9102,User_9102,66581.0
9116,User_9116,81539.0
9122,User_9122,55191.0
9124,User_9124,56016.0
9128,User_9128,64563.0
9130,User_9130,95421.0
9134,User_9134,65163.0
9138,User_9138,52342.0
9140,User_9140,89109.0
9154,User_9154,96547.0
9156,User_9156,81252.0
9160,User_9160,58937.0
9162,User_9162,66497.0
9166,User_9166,75791.0
9168,User_9168,68827.0
9170,User_9170,60770.0
9172,User_9172,89572.0
9192,User_9192,68693.0
9204,User_9204,75323.0
9206,User_9206,54193.0
9210,User_9210,56942.0
9218,User_9218,90010.0
9220,User_9220,58023.0
9222,User_9222,96087.0
9224,User_9224,83847.0
9230,User_9230,67828.0
9234,User_9234,95783.0
9236,User_9236,73583.0
9238,User_9238,58427.0
9242,User_9242,81453.0
9244,User_9244,97323.0
9248,User_9248,83643.0
9250,User_9250,86833.0
9252,User_9252,91123.0
9254,User_9254,56384.0
9256,User_9256,50789.0
9258,User_9258,72683.0
9260,User_9260,76096.0
9262,User_9262,79743.0
9268,User_9268,97433.0
9270,User_9270,77287.0
9274,User_9274,88818.0
9282,User_9282,75614.0
9288,User_9288,95830.0
9290,User_9290,93980.0
9292,User_9292,76718.0
9294,User_9294,71884.0
9296,User_9296,56022.0
9302,User_9302,64766.0
9304,User_9304,50467.0
9306,User_9306,95223.0
9308,User_9308,74819.0
9312,User_9312,64212.0
9314,User_9314,63434.0
9318,User_9318,85586.0
9326,User_9326,86204.0
9332,User_9332,59961.0
9334,User_9334,85421.0
9336,User_9336,59236.0
9342,User_9342,64695.0
9350,User_9350,95321.0
9352,User_9352,66186.0
9354,User_9354,56045.0
9356,User_9356,94400.0
9360,User_9360,90969.0
9366,User_9366,59602.0
9370,User_9370,60757.0
9372,User_9372,57514.0
9374,User_9374,66835.0
9378,User_9378,97712.0
9380,User_9380,81147.0
9382,User_9382,79463.0
9384,User_9384,92361.0
9388,User_9388,88745.0
9390,User_9390,78300.0
9392,User_9392,69499.0
9394,User_9394,87504.0
9400,User_9400,59420.0
9406,User_9406,62406.0
9408,User_9408,53945.0
9412,User_9412,85798.0
9414,User_9414,55150.0
9422,User_9422,93859.0
9426,User_9426,53786.0
9430,User_9430,86235.0
9434,User_9434,86730.0
9436,User_9436,72111.0
9444,User_9444,86108.0
9448,User_9448,67687.0
9450,User_9450,89972.0
9452,User_9452,61867.0
9454,User_9454,83723.0
9456,User_9456,68467.0
9458,User_9458,66182.0
9462,User_9462,54844.0
9466,User_9466,95297.0
9474,User_9474,88285.0
9476,User_9476,70913.0
9478,User_9478,84878.0
9480,User_9480,66179.0
9492,User_9492,81467.0
9500,User_9500,58336.0
9506,User_9506,87844.0
9508,User_9508,86792.0
9518,User_9518,83941.0
9522,User_9522,98393.0
9530,User_9530,69935.0
9532,User_9532,91548.0
9534,User_9534,52518.0
9538,User_9538,70398.0
9540,User_9540,98353.0
9546,User_9546,64684.0
9560,User_9560,88666.0
9562,User_9562,81889.0
9564,User_9564,60653.0
9566,User_9566,55357.0
9568,User_9568,74323.0
9570,User_9570,69031.0
9572,User_9572,95284.0
9574,User_9574,83849.0
9576,User_9576,89287.0
9584,User_9584,63225.0
9586,User_9586,74203.0
9588,User_9588,55186.0
9590,User_9590,66583.0
9592,User_9592,91110.0
9594,User_9594,58490.0
9598,User_9598,98840.0
9600,User_9600,98470.0
9608,User_9608,70699.0
9618,User_9618,78957.0
9620,User_9620,67298.0
9622,User_9622,99178.0
9626,User_9626,68824.0
9628,User_9628,61152.0
9630,User_9630,72605.0
9632,User_9632,58925.0
9636,User_9636,64337.0
9638,User_9638,73687.0
9650,User_9650,75290.0
9654,User_9654,89712.0
9660,User_9660,58394.0
9662,User_9662,54176.0
9664,User_9664,66803.0
9666,User_9666,56330.0
9668,User_9668,95910.0
9674,User_9674,97971.0
9676,User_9676,70745.0
9678,User_9678,68301.0
9680,User_9680,58138.0
9682,User_9682,76367.0
9684,User_9684,71120.0
9694,User_9694,79335.0
9706,User_9706,68382.0
9710,User_9710,67533.0
9712,User_9712,59140.0
9714,User_9714,78205.0
9718,User_9718,56510.0
9724,User_9724,50015.0
9726,User_9726,90411.0
9730,User_9730,64768.0
9732,User_9732,76445.0
9736,User_9736,86406.0
9740,User_9740,90856.0
9744,User_9744,85752.0
9750,User_9750,62623.0
9754,User_9754,54837.0
9756,User_9756,71751.0
9776,User_9776,77444.0
9778,User_9778,89640.0
9780,User_9780,69457.0
9782,User_9782,60970.0
9784,User_9784,95273.0
9788,User_9788,70116.0
9794,User_9794,90007.0
9796,User_9796,81790.0
9800,User_9800,62430.0
9804,User_9804,89783.0
9808,User_9808,76577.0
9814,User_9814,85033.0
9818,User_9818,62440.0
9820,User_9820,55964.0
9828,User_9828,88576.0
9830,User_9830,65784.0
9838,User_9838,55798.0
9840,User_9840,99862.0
9842,User_9842,86768.0
9844,User_9844,87946.0
9848,User_9848,86389.0
9854,User_9854,91647.0
9856,User_9856,80036.0
9862,User_9862,91020.0
9868,User_9868,53917.0
9870,User_9870,95139.0
9872,User_9872,97815.0
9876,User_9876,74920.0
9878,User_9878,54967.0
9880,User_9880,78368.0
9882,User_9882,92049.0
9886,User_9886,69509.0
9888,User_9888,84941.0
9892,User_9892,77549.0
9894,User_9894,75469.0
9896,User_9896,70846.0
9898,User_9898,69914.0
9902,User_9902,90431.0
9904,User_9904,60267.0
9906,User_9906,56332.0
9908,User_9908,79277.0
9928,User_9928,60752.0
9930,User_9930,52901.0
9932,User_9932,77178.0
9934,User_9934,81248.0
9940,User_9940,81110.0
9944,User_9944,97122.0
9948,User_9948,68403.0
9954,User_9954,98516.0
9958,User_9958,57603.0
9960,User_9960,86692.0
9962,User_9962,89525.0
9966,User_9966,83796.0
9970,User_9970,87896.0
9978,User_9978,66105.0
9986,User_9986,58473.0
9990,User_9990,87574.0
9996,User_9996,76526.0
10000,User_10000,67190.0
10002,User_10002,98525.0
10006,User_10006,86665.0
10008,User_10008,70056.0
10010,User_10010,91991.0
10012,User_10012,88585.0
10014,User_10014,91476.0
10016,User_10016,69929.0
10018,User_10018,95733.0
10022,User_10022,78010.0
10024,User_10024,56398.0
10028,User_10028,57359.0
10030,User_10030,57361.0
10032,User_10032,84201.0
10034,User_10034,53735.0
10036,User_10036,67954.0
10040,User_10040,83836.0
10042,User_10042,65177.0
10044,User_10044,59108.0
10048,User_10048,63779.0
10050,User_10050,94376.0
10052,User_10052,51871.0
10054,User_10054,89678.0
10056,User_10056,62772.0
10058,User_10058,91927.0
10060,User_10060,72571.0
10068,User_10068,93864.0
10070,User_10070,52158.0
10072,User_10072,57901.0
10076,User_10076,51570.0
10078,User_10078,88434.0
10082,User_10082,78387.0
10084,User_10084,80545.0
10086,User_10086,92515.0
10088,User_10088,95333.0
10092,User_10092,68170.0
10096,User_10096,54006.0
10098,User_10098,53274.0
10100,User_10100,65020.0
10102,User_10102,90092.0
10110,User_10110,73958.0
10114,User_10114,61442.0
10120,User_10120,76831.0
10134,User_10134,57424.0
10136,User_10136,71849.0
10138,User_10138,68053.0
10142,User_10142,52221.0
10148,User_10148,93081.0
10150,User_10150,67516.0
10156,User_10156,80829.0
10158,User_10158,70411.0
10160,User_10160,78283.0
10162,User_10162,54790.0
10164,User_10164,89706.0
10166,User_10166,69866.0
10168,User_10168,85486.0
10172,User_10172,71689.0
10174,User_10174,63340.0
10178,User_10178,65721.0
10186,User_10186,95743.0
10192,User_10192,90242.0
10194,User_10194,60397.0
10196,User_10196,52311.0
10202,User_10202,96129.0
10216,User_10216,57974.0
10224,User_10224,76396.0
10228,User_10228,86837.0
10242,User_10242,80831.0
10246,User_10246,91152.0
10250,User_10250,53054.0
10254,User_10254,67633.0
10258,User_10258,72470.0
10262,User_10262,75591.0
10264,User_10264,78078.0
10276,User_10276,55840.0
10280,User_10280,53248.0
10282,User_10282,74388.0
10286,User_10286,72933.0
10288,User_10288,53200.0
10292,User_10292,59516.0
10294,User_10294,80065.0
10296,User_10296,78278.0
10304,User_10304,71607.0
10306,User_10306,63576.0
10308,User_10308,68326.0
10310,User_10310,82543.0
10314,User_10314,59272.0
10316,User_10316,96149.0
10318,User_10318,62628.0
10320,User_10320,55861.0
10324,User_10324,83584.0
10328,User_10328,83152.0
10332,User_10332,69227.0
10334,User_10334,93004.0
10342,User_10342,96716.0
10346,User_10346,71741.0
10350,User_10350,86520.0
10358,User_10358,87711.0
10362,User_10362,54880.0
10364,User_10364,51349.0
10366,User_10366,59044.0
10368,User_10368,62983.0
10372,User_10372,91693.0
10376,User_10376,59014.0
10378,User_10378,53572.0
10380,User_10380,93651.0
10382,User_10382,77251.0
10384,User_10384,56268.0
10390,User_10390,69157.0
10392,User_10392,50757.0
10396,User_10396,61688.0
10398,User_10398,62209.0
10402,User_10402,75602.0
10406,User_10406,82696.0
10408,User_10408,61056.0
10414,User_10414,68775.0
10416,User_10416,87196.0
10422,User_10422,64777.0
10426,User_10426,63626.0
10430,User_10430,91778.0
10432,User_10432,58077.0
10436,User_10436,85301.0
10438,User_10438,50285.0
10442,User_10442,85848.0
10446,User_10446,62557.0
10448,User_10448,68034.0
10450,User_10450,90648.0
10456,User_10456,73883.0
10462,User_10462,65761.0
10468,User_10468,69447.0
10470,User_10470,91897.0
10478,User_10478,99451.0
10482,User_10482,80330.0
10484,User_10484,78005.0
10492,User_10492,61744.0
10496,User_10496,60016.0
10500,User_10500,74741.0
10506,User_10506,54495.0
10510,User_10510,66546.0
10518,User_10518,50907.0
10522,User_10522,52534.0
10528,User_10528,58365.0
10530,User_10530,77202.0
10532,User_10532,78042.0
10538,User_10538,57632.0
10540,User_10540,52258.0
10542,User_10542,90123.0
10544,User_10544,83055.0
10556,User_10556,71641.0
10560,User_10560,66975.0
10564,User_10564,82301.0
10566,User_10566,97510.0
10572,User_10572,86897.0
10574,User_10574,63950.0
10576,User_10576,72497.0
10578,User_10578,84569.0
10580,User_10580,52507.0
10586,User_10586,69515.0
10588,User_10588,85467.0
10592,User_10592,77895.0
10604,User_10604,91843.0
10610,User_10610,61610.0
10614,User_10614,88117.0
10616,User_10616,52966.0
10618,User_10618,60793.0
10628,User_10628,66704.0
10634,User_10634,66978.0
10636,User_10636,75728.0
10640,User_10640,74801.0
10644,User_10644,82058.0
10648,User_10648,78022.0
10650,User_10650,67968.0
10652,User_10652,50203.0
10658,User_10658,53039.0
10660,User_10660,72597.0
10668,User_10668,88409.0
10670,User_10670,54834.0
10682,User_10682,66127.0
10684,User_10684,72541.0
10686,User_10686,84260.0
10688,User_10688,50844.0
10696,User_10696,87987.0
10700,User_10700,96597.0
10708,User_10708,75697.0
10714,User_10714,55989.0
10718,User_10718,97165.0
10722,User_10722,79836.0
10724,User_10724,91116.0
10726,User_10726,73402.0
10732,User_10732,71472.0
10734,User_10734,89034.0
10738,User_10738,80896.0
10742,User_10742,54743.0
10744,User_10744,67996.0
10746,User_10746,63709.0
10748,User_10748,67050.0
10752,User_10752,97447.0
10754,User_10754,65858.0
10756,User_10756,96624.0
10758,User_10758,74593.0
10766,User_10766,75740.0
10770,User_10770,69234.0
10774,User_10774,67540.0
10784,User_10784,93506.0
10788,User_10788,76521.0
10794,User_10794,71859.0
10796,User_10796,67693.0
10798,User_10798,50741.0
10800,User_10800,58580.0
10802,User_10802,64610.0
10804,User_10804,78607.0
10806,User_10806,63690.0
10808,User_10808,51945.0
10816,User_10816,87191.0
10822,User_10822,97742.0
10824,User_10824,83421.0
10826,User_10826,70556.0
10828,User_10828,52105.0
10832,User_10832,99902.0
10834,User_10834,55013.0
10836,User_10836,78593.0
10844,User_10844,89292.0
10846,User_10846,59755.0
10848,User_10848,96131.0
10850,User_10850,53761.0
10852,User_10852,85566.0
10856,User_10856,93307.0
10860,User_10860,71049.0
10862,User_10862,61240.0
10866,User_10866,95982.0
10876,User_10876,99165.0
10878,User_10878,75891.0
10880,User_10880,77049.0
10882,User_10882,90959.0
10886,User_10886,95302.0
10888,User_10888,56580.0
10892,User_10892,65387.0
10896,User_10896,79870.0
10898,User_10898,90252.0
10910,User_10910,78602.0
10914,User_10914,61745.0
10916,User_10916,73791.0
10918,User_10918,64141.0
10920,User_10920,96655.0
10926,User_10926,64427.0
10928,User_10928,75194.0
10936,User_10936,63316.0
10938,User_10938,68750.0
10940,User_10940,91980.0
10942,User_10942,64384.0
10948,User_10948,66071.0
10952,User_10952,74170.0
10954,User_10954,72307.0
10956,User_10956,88941.0
10958,User_10958,98072.0
10960,User_10960,59893.0
10964,User_10964,85234.0
10974,User_10974,61136.0
10976,User_10976,96318.0
10980,User_10980,56989.0
10982,User_10982,69066.0
10984,User_10984,57818.0
10990,User_10990,75309.0
10992,User_10992,98868.0
10998,User_10998,68569.0
11000,User_11000,67710.0
11006,User_11006,51237.0
11008,User_11008,96461.0
11010,User_11010,99086.0
11018,User_11018,61891.0
11022,User_11022,65431.0
11024,User_11024,86428.0
11026,User_11026,71878.0
11028,User_11028,77353.0
11030,User_11030,99535.0
11034,User_11034,91784.0
11038,User_11038,61593.0
11050,User_11050,61213.0
11060,User_11060,58194.0
11068,User_11068,96769.0
11070,User_11070,79041.0
11082,User_11082,61243.0
11084,User_11084,61221.0
11094,User_11094,62930.0
11096,User_11096,71441.0
11100,User_11100,89549.0
11108,User_11108,94570.0
11110,User_11110,58329.0
11112,User_11112,85179.0
11114,User_11114,56522.0
11116,User_11116,94432.0
11124,User_11124,54037.0
11128,User_11128,58327.0
11132,User_11132,50172.0
11134,User_11134,76511.0
11136,User_11136,68719.0
11138,User_11138,63739.0
11146,User_11146,94354.0
11152,User_11152,65177.0
11160,User_11160,93189.0
11164,User_11164,88822.0
11168,User_11168,99936.0
11174,User_11174,72627.0
11176,User_11176,83306.0
11182,User_11182,87119.0
11184,User_11184,85913.0
11190,User_11190,97425.0
11192,User_11192,50856.0
11194,User_11194,91983.0
11202,User_11202,56212.0
11204,User_11204,97893.0
11206,User_11206,60909.0
11208,User_11208,67294.0
11210,User_11210,57410.0
11212,User_11212,97228.0
11218,User_11218,86961.0
11224,User_11224,93229.0
11238,User_11238,51079.0
11240,User_11240,69380.0
11248,User_11248,83220.0
11250,User_11250,60268.0
11252,User_11252,83064.0
11264,User_11264,71249.0
11266,User_11266,66935.0
11276,User_11276,53294.0
11280,User_11280,81867.0
11286,User_11286,72296.0
11288,User_11288,72998.0
11292,User_11292,51766.0
11296,User_11296,53576.0
11300,User_11300,83638.0
11306,User_11306,82662.0
11310,User_11310,87024.0
11316,User_11316,66697.0
11322,User_11322,52020.0
11324,User_11324,94026.0
11332,User_11332,84029.0
11336,User_11336,60394.0
11338,User_11338,52749.0
11340,User_11340,81835.0
11342,User_11342,59892.0
11348,User_11348,72995.0
11350,User_11350,57936.0
11356,User_11356,86896.0
11360,User_11360,64474.0
11364,User_11364,78497.0
11366,User_11366,65424.0
11370,User_11370,87264.0
11374,User_11374,96787.0
11376,User_11376,57042.0
11382,User_11382,80819.0
11386,User_11386,67974.0
11394,User_11394,78183.0
11406,User_11406,75517.0
11408,User_11408,84035.0
11410,User_11410,58231.0
11416,User_11416,67875.0
11418,User_11418,81055.0
11422,User_11422,57158.0
11424,User_11424,69997.0
11432,User_11432,94192.0
11434,User_11434,78703.0
11436,User_11436,56103.0
11438,User_11438,82513.0
11442,User_11442,69238.0
11446,User_11446,69945.0
11448,User_11448,56384.0
11452,User_11452,90183.0
11458,User_11458,82167.0
11460,User_11460,84709.0
11462,User_11462,84204.0
11466,User_11466,92052.0
11480,User_11480,71113.0
11482,User_11482,89900.0
11486,User_11486,88304.0
11488,User_11488,82695.0
11490,User_11490,66452.0
11496,User_11496,96764.0
11502,User_11502,95040.0
11504,User_11504,65957.0
11508,User_11508,92487.0
11510,User_11510,93948.0
11514,User_11514,91737.0
11518,User_11518,89318.0
11520,User_11520,75888.0
11522,User_11522,85494.0
11524,User_11524,92817.0
11526,User_11526,97060.0
11530,User_11530,50629.0
11532,User_11532,52179.0
11534,User_11534,97116.0
11538,User_11538,84304.0
11544,User_11544,72389.0
11548,User_11548,68277.0
11550,User_11550,72667.0
11554,User_11554,53415.0
11556,User_11556,55970.0
11560,User_11560,52987.0
11564,User_11564,56416.0
11566,User_11566,76511.0
11578,User_11578,90916.0
11584,User_11584,58419.0
11586,User_11586,84459.0
11590,User_11590,62332.0
11594,User_11594,76228.0
11598,User_11598,77019.0
11606,User_11606,93674.0
11608,User_11608,55936.0
11612,User_11612,99668.0
11614,User_11614,99859.0
11620,User_11620,75310.0
11622,User_11622,95040.0
11624,User_11624,65866.0
11630,User_11630,81942.0
11634,User_11634,54378.0
11638,User_11638,96345.0
11644,User_11644,73990.0
11652,User_11652,55771.0
11656,User_11656,80624.0
11660,User_11660,92048.0
11666,User_11666,68620.0
11668,User_11668,75513.0
11670,User_11670,99974.0
11676,User_11676,81492.0
11680,User_11680,52401.0
11682,User_11682,59434.0
11686,User_11686,55462.0
11688,User_11688,62856.0
11692,User_11692,55687.0
11696,User_11696,82266.0
11698,User_11698,92751.0
11700,User_11700,62228.0
11706,User_11706,59705.0
11708,User_11708,86205.0
11710,User_11710,56987.0
11714,User_11714,80495.0
11720,User_11720,71817.0
11722,User_11722,94743.0
11726,User_11726,72822.0
11728,User_11728,77663.0
11730,User_11730,57844.0
11734,User_11734,80820.0
11736,User_11736,61212.0
11738,User_11738,69879.0
11740,User_11740,73752.0
11742,User_11742,66586.0
11744,User_11744,98568.0
11746,User_11746,55624.0
11756,User_11756,50268.0
11758,User_11758,92635.0
11762,User_11762,64245.0
11768,User_11768,68561.0
11770,User_11770,55340.0
11776,User_11776,72010.0
11780,User_11780,95304.0
11784,User_11784,74078.0
11788,User_11788,70035.0
11790,User_11790,57362.0
11792,User_11792,95650.0
11794,User_11794,99415.0
11798,User_11798,59967.0
11806,User_11806,75938.0
11812,User_11812,66804.0
11816,User_11816,76861.0
11818,User_11818,61529.0
11824,User_11824,95272.0
11828,User_11828,52158.0
11830,User_11830,70998.0
11832,User_11832,68082.0
11834,User_11834,59349.0
11836,User_11836,61093.0
11840,User_11840,83235.0
11842,User_11842,88164.0
11844,User_11844,76674.0
11850,User_11850,76001.0
11852,User_11852,79817.0
11862,User_11862,92980.0
11876,User_11876,96890.0
11878,User_11878,87528.0
11880,User_11880,74611.0
11882,User_11882,72173.0
11888,User_11888,50392.0
11892,User_11892,90125.0
11898,User_11898,99925.0
11900,User_11900,73727.0
11906,User_11906,86459.0
11908,User_11908,51614.0
11912,User_11912,81646.0
11914,User_11914,92705.0
11918,User_11918,60279.0
11926,User_11926,91738.0
11934,User_11934,94404.0
11936,User_11936,74467.0
11946,User_11946,65039.0
11960,User_11960,69715.0
11962,User_11962,95890.0
11964,User_11964,82618.0
11966,User_11966,92557.0
11968,User_11968,86441.0
11970,User_11970,96384.0
11972,User_11972,97594.0
11976,User_11976,51284.0
11978,User_11978,63982.0
11984,User_11984,96169.0
11988,User_11988,96548.0
11990,User_11990,71622.0
11992,User_11992,95986.0
11994,User_11994,63158.0
11998,User_11998,81835.0
12002,User_12002,58909.0
12006,User_12006,79615.0
12014,User_12014,60362.0
12016,User_12016,73216.0
12024,User_12024,79404.0
12030,User_12030,88563.0
12036,User_12036,80245.0
12038,User_12038,82593.0
12040,User_12040,88394.0
12042,User_12042,69551.0
12052,User_12052,89199.0
12054,User_12054,54116.0
12056,User_12056,87734.0
12058,User_12058,87107.0
12066,User_12066,53451.0
12070,User_12070,76280.0
12072,User_12072,67393.0
12082,User_12082,59808.0
12088,User_12088,57011.0
12090,User_12090,83453.0
12096,User_12096,71546.0
12110,User_12110,69475.0
12112,User_12112,91036.0
12116,User_12116,66980.0
12120,User_12120,67488.0
12130,User_12130,51592.0
12132,User_12132,62200.0
12136,User_12136,99793.0
12140,User_12140,95473.0
12142,User_12142,61645.0
12148,User_12148,94167.0
12158,User_12158,96490.0
12160,User_12160,59666.0
12164,User_12164,78075.0
12172,User_12172,60848.0
12174,User_12174,93739.0
12176,User_12176,91964.0
12178,User_12178,57767.0
12184,User_12184,82821.0
12190,User_12190,88901.0
12192,User_12192,90107.0
12194,User_12194,68629.0
12196,User_12196,77198.0
12198,User_12198,85866.0
12202,User_12202,95007.0
12212,User_12212,98473.0
12214,User_12214,55277.0
12216,User_12216,76792.0
12222,User_12222,64587.0
12224,User_12224,87702.0
12228,User_12228,64045.0
12238,User_12238,82501.0
12244,User_12244,89524.0
12248,User_12248,52828.0
12252,User_12252,65715.0
12258,User_12258,69666.0
12262,User_12262,93918.0
12266,User_12266,99373.0
12268,User_12268,97537.0
12270,User_12270,55949.0
12272,User_12272,51669.0
12276,User_12276,66663.0
12278,User_12278,60281.0
12280,User_12280,74266.0
12288,User_12288,80572.0
12290,User_12290,86673.0
12296,User_12296,58430.0
12298,User_12298,79863.0
12300,User_12300,74276.0
12302,User_12302,74767.0
12306,User_12306,95925.0
12316,User_12316,99596.0
12320,User_12320,54438.0
12334,User_12334,76873.0
12338,User_12338,75734.0
12340,User_12340,75066.0
12342,User_12342,86356.0
12346,User_12346,65738.0
12348,User_12348,58575.0
12350,User_12350,95133.0
12358,User_12358,60043.0
12360,User_12360,93700.0
12362,User_12362,62334.0
12364,User_12364,98242.0
12372,User_12372,80087.0
12374,User_12374,68326.0
12378,User_12378,82639.0
12380,User_12380,67133.0
12386,User_12386,77969.0
12390,User_12390,75617.0
12394,User_12394,80756.0
12400,User_12400,84872.0
12406,User_12406,78059.0
12412,User_12412,79389.0
12414,User_12414,96067.0
12424,User_12424,54890.0
12426,User_12426,63877.0
12428,User_12428,70502.0
12434,User_12434,98757.0
12436,User_12436,58157.0
12438,User_12438,83259.0
12440,User_12440,65730.0
12446,User_12446,70047.0
12448,User_12448,91124.0
12450,User_12450,83629.0
12452,User_12452,92814.0
12456,User_12456,53098.0
12458,User_12458,52734.0
12460,User_12460,75536.0
12462,User_12462,81889.0
12466,User_12466,71441.0
12468,User_12468,79442.0
12472,User_12472,59411.0
12474,User_12474,60685.0
12476,User_12476,72863.0
12484,User_12484,68181.0
12488,User_12488,93474.0
12490,User_12490,74886.0
12500,User_12500,80448.0
12508,User_12508,55813.0
12510,User_12510,71807.0
12512,User_12512,58460.0
12520,User_12520,81879.0
12522,User_12522,92498.0
12524,User_12524,68633.0
12526,User_12526,83682.0
12534,User_12534,99791.0
12536,User_12536,90272.0
12540,User_12540,81418.0
12544,User_12544,77035.0
12546,User_12546,63850.0
12548,User_12548,61518.0
12550,User_12550,52323.0
12558,User_12558,53752.0
12560,User_12560,62209.0
12566,User_12566,51177.0
12570,User_12570,98337.0
12572,User_12572,55884.0
12576,User_12576,50504.0
12578,User_12578,66867.0
12580,User_12580,54728.0
12582,User_12582,63940.0
12586,User_12586,72191.0
12590,User_12590,81113.0
12592,User_12592,59924.0
12600,User_12600,71829.0
12602,User_12602,59399.0
12604,User_12604,87456.0
12606,User_12606,95109.0
12614,User_12614,90766.0
12616,User_12616,94544.0
12618,User_12618,87322.0
12620,User_12620,93149.0
12626,User_12626,64507.0
12628,User_12628,89270.0
12630,User_12630,73596.0
12634,User_12634,74880.0
12638,User_12638,69012.0
12640,User_12640,61759.0
12646,User_12646,96506.0
12650,User_12650,98342.0
12654,User_12654,66802.0
12658,User_12658,62955.0
12660,User_12660,50696.0
12664,User_12664,68250.0
12666,User_12666,58128.0
12670,User_12670,75481.0
12678,User_12678,73884.0
12682,User_12682,94861.0
12684,User_12684,92235.0
12686,User_12686,79056.0
12700,User_12700,60632.0
12702,User_12702,60366.0
12704,User_12704,64424.0
12706,User_12706,77659.0
12708,User_12708,96072.0
12712,User_12712,70815.0
12718,User_12718,71748.0
12720,User_12720,54097.0
12722,User_12722,99196.0
12730,User_12730,94882.0
12732,User_12732,72263.0
12736,User_12736,81322.0
12738,User_12738,72634.0
12740,User_12740,71366.0
12744,User_12744,92275.0
12752,User_12752,71240.0
12754,User_12754,63574.0
12764,User_12764,73528.0
12766,User_12766,77927.0
12770,User_12770,72420.0
12772,User_12772,50527.0
12774,User_12774,69664.0
12776,User_12776,51845.0
12778,User_12778,69395.0
12780,User_12780,61931.0
12786,User_12786,52676.0
12788,User_12788,97726.0
12790,User_12790,97072.0
12792,User_12792,99737.0
12794,User_12794,94819.0
12796,User_12796,77144.0
12798,User_12798,55604.0
12800,User_12800,64975.0
12802,User_12802,56953.0
12810,User_12810,89974.0
12814,User_12814,54957.0
12818,User_12818,58814.0
12824,User_12824,95932.0
12826,User_12826,85389.0
12828,User_12828,60652.0
12832,User_12832,88729.0
12836,User_12836,84965.0
12840,User_12840,59552.0
12846,User_12846,93906.0
12854,User_12854,80764.0
12858,User_12858,98985.0
12860,User_12860,74305.0
12864,User_12864,79713.0
12866,User_12866,61222.0
12868,User_12868,70372.0
12874,User_12874,52450.0
12878,User_12878,50678.0
12882,User_12882,65181.0
12886,User_12886,69106.0
12892,User_12892,86851.0
12894,User_12894,53158.0
12902,User_12902,50052.0
12906,User_12906,97417.0
12908,User_12908,79291.0
12910,User_12910,94321.0
12912,User_12912,68189.0
12922,User_12922,77511.0
12924,User_12924,79550.0
12926,User_12926,61701.0
12936,User_12936,52208.0
12942,User_12942,75846.0
12946,User_12946,96716.0
12948,User_12948,78606.0
12950,User_12950,84655.0
12960,User_12960,74626.0
12962,User_12962,89767.0
12964,User_12964,68886.0
12968,User_12968,76816.0
12972,User_12972,51110.0
12974,User_12974,73216.0
12982,User_12982,79828.0
12984,User_12984,73720.0
12986,User_12986,72751.0
12988,User_12988,85300.0
12992,User_12992,72716.0
12998,User_12998,97950.0
13002,User_13002,96187.0
13004,User_13004,68850.0
13008,User_13008,61213.0
13010,User_13010,89225.0
13024,User_13024,89333.0
13028,User_13028,87547.0
13030,User_13030,64840.0
13042,User_13042,75856.0
13046,User_13046,53050.0
13052,User_13052,80949.0
13054,User_13054,77711.0
13056,User_13056,90277.0
13060,User_13060,73468.0
13064,User_13064,97985.0
13066,User_13066,83301.0
13072,User_13072,81698.0
13074,User_13074,96929.0
13076,User_13076,56166.0
13080,User_13080,79545.0
13090,User_13090,67950.0
13094,User_13094,67142.0
13098,User_13098,60320.0
13100,User_13100,86763.0
13102,User_13102,82944.0
13104,User_13104,63265.0
13106,User_13106,63712.0
13112,User_13112,56016.0
13116,User_13116,84850.0
13118,User_13118,86379.0
13120,User_13120,70825.0
13122,User_13122,61223.0
13130,User_13130,95149.0
13132,User_13132,92614.0
13138,User_13138,59980.0
13142,User_13142,79285.0
13144,User_13144,70804.0
13146,User_13146,71430.0
13152,User_13152,73271.0
13154,User_13154,70889.0
13158,User_13158,68885.0
13160,User_13160,98346.0
13176,User_13176,87950.0
13178,User_13178,86530.0
13180,User_13180,57781.0
13184,User_13184,96629.0
13192,User_13192,79112.0
13194,User_13194,60549.0
13196,User_13196,78852.0
13198,User_13198,70203.0
13202,User_13202,59924.0
13208,User_13208,53604.0
13218,User_13218,96925.0
13222,User_13222,84336.0
13242,User_13242,75323.0
13250,User_13250,63990.0
13256,User_13256,66155.0
13258,User_13258,78378.0
13264,User_13264,99740.0
13274,User_13274,51982.0
13276,User_13276,76379.0
13278,User_13278,91810.0
13282,User_13282,56406.0
13288,User_13288,96579.0
13290,User_13290,90639.0
13302,User_13302,85365.0
13304,User_13304,61422.0
13306,User_13306,61234.0
13308,User_13308,54289.0
13310,User_13310,61483.0
13316,User_13316,73934.0
13320,User_13320,80116.0
13324,User_13324,88380.0
13330,User_13330,68323.0
13338,User_13338,99619.0
13344,User_13344,59121.0
13350,User_13350,55734.0
13352,User_13352,76887.0
13354,User_13354,89222.0
13356,User_13356,87705.0
13358,User_13358,78686.0
13362,User_13362,80644.0
13364,User_13364,61202.0
13366,User_13366,81102.0
13368,User_13368,52269.0
13370,User_13370,79053.0
13376,User_13376,56005.0
13380,User_13380,75032.0
13382,User_13382,65734.0
13390,User_13390,89423.0
13396,User_13396,64804.0
13398,User_13398,97238.0
13404,User_13404,77171.0
13406,User_13406,54511.0
13408,User_13408,71086.0
13414,User_13414,61023.0
13424,User_13424,64444.0
13426,User_13426,87343.0
13434,User_13434,88757.0
13436,User_13436,60903.0
13438,User_13438,72901.0
13442,User_13442,62422.0
13444,User_13444,90687.0
13456,User_13456,71008.0
13458,User_13458,74196.0
13462,User_13462,60972.0
13476,User_13476,82852.0
13478,User_13478,84960.0
13480,User_13480,62800.0
13502,User_13502,59981.0
13506,User_13506,81483.0
13508,User_13508,54807.0
13512,User_13512,64459.0
13514,User_13514,81150.0
13516,User_13516,63150.0
13518,User_13518,97014.0
13520,User_13520,92777.0
13524,User_13524,75017.0
13528,User_13528,71665.0
13532,User_13532,95731.0
13538,User_13538,50345.0
13546,User_13546,88186.0
13554,User_13554,77056.0
13556,User_13556,86764.0
13558,User_13558,79001.0
13560,User_13560,65987.0
13574,User_13574,52600.0
13580,User_13580,69588.0
13582,User_13582,63006.0
13584,User_13584,87068.0
13590,User_13590,68676.0
13592,User_13592,71345.0
13596,User_13596,72370.0
13600,User_13600,77803.0
13602,User_13602,95124.0
13606,User_13606,51550.0
13610,User_13610,72609.0
13612,User_13612,69596.0
13614,User_13614,92634.0
13616,User_13616,68159.0
13620,User_13620,87197.0
13622,User_13622,66865.0
13630,User_13630,74532.0
13636,User_13636,72167.0
13638,User_13638,91533.0
13646,User_13646,64499.0
13648,User_13648,87615.0
13652,User_13652,50066.0
13654,User_13654,69145.0
13656,User_13656,90963.0
13664,User_13664,98658.0
13672,User_13672,75381.0
13674,User_13674,69746.0
13682,User_13682,75933.0
13684,User_13684,65204.0
13686,User_13686,91125.0
13688,User_13688,85814.0
13690,User_13690,86493.0
13694,User_13694,59331.0
13710,User_13710,70397.0
13714,User_13714,98528.0
13718,User_13718,58636.0
13724,User_13724,99932.0
13726,User_13726,60366.0
13728,User_13728,97143.0
13732,User_13732,80016.0
13736,User_13736,90425.0
13738,User_13738,51065.0
13740,User_13740,53682.0
13742,User_13742,60061.0
13746,User_13746,68814.0
13748,User_13748,65675.0
13750,User_13750,71231.0
13752,User_13752,80813.0
13754,User_13754,74767.0
13756,User_13756,95197.0
13762,User_13762,76545.0
13766,User_13766,87599.0
13768,User_13768,93618.0
13770,User_13770,50595.0
13772,User_13772,68987.0
13776,User_13776,71240.0
13778,User_13778,81620.0
13780,User_13780,91125.0
13788,User_13788,62170.0
13794,User_13794,63231.0
13796,User_13796,56764.0
13806,User_13806,71699.0
13808,User_13808,91540.0
13810,User_13810,86605.0
13812,User_13812,52274.0
13814,User_13814,90389.0
13816,User_13816,86902.0
13818,User_13818,69046.0
13820,User_13820,65537.0
13822,User_13822,77966.0
13824,User_13824,78372.0
13828,User_13828,96681.0
13830,User_13830,93284.0
13834,User_13834,55423.0
13838,User_13838,96042.0
13846,User_13846,98499.0
13860,User_13860,84175.0
13862,User_13862,58493.0
13868,User_13868,98596.0
13870,User_13870,65350.0
13874,User_13874,63036.0
13882,User_13882,89247.0
13884,User_13884,63969.0
13888,User_13888,96004.0
13894,User_13894,62897.0
13896,User_13896,52272.0
13898,User_13898,75118.0
13900,User_13900,53706.0
13902,User_13902,60331.0
13904,User_13904,87155.0
13920,User_13920,65963.0
13922,User_13922,64727.0
13926,User_13926,52314.0
13928,User_13928,86099.0
13930,User_13930,67003.0
13932,User_13932,92125.0
13940,User_13940,83857.0
13942,User_13942,81202.0
13944,User_13944,81198.0
13946,User_13946,75348.0
13954,User_13954,95252.0
13960,User_13960,84334.0
13962,User_13962,68135.0
13966,User_13966,55896.0
13968,User_13968,71921.0
13970,User_13970,69116.0
13972,User_13972,78788.0
13978,User_13978,53467.0
13980,User_13980,87001.0
13982,User_13982,87357.0
13984,User_13984,69767.0
13988,User_13988,59040.0
13992,User_13992,95736.0
13996,User_13996,63987.0
14000,User_14000,69479.0
14002,User_14002,75504.0
14004,User_14004,90655.0
14008,User_14008,95875.0
14016,User_14016,54434.0
14020,User_14020,78578.0
14022,User_14022,63545.0
14026,User_14026,98191.0
14028,User_14028,81604.0
14036,User_14036,74381.0
14038,User_14038,76540.0
14040,User_14040,53257.0
14042,User_14042,64017.0
14044,User_14044,89261.0
14050,User_14050,95871.0
14054,User_14054,84444.0
14058,User_14058,74324.0
14064,User_14064,73701.0
14068,User_14068,73234.0
14070,User_14070,66769.0
14074,User_14074,69311.0
14076,User_14076,51932.0
14078,User_14078,63635.0
14080,User_14080,96835.0
14084,User_14084,67262.0
14086,User_14086,61613.0
14092,User_14092,91139.0
14094,User_14094,59719.0
14096,User_14096,58786.0
14098,User_14098,51724.0
14100,User_14100,81847.0
14104,User_14104,88105.0
14106,User_14106,58449.0
14116,User_14116,72888.0
14124,User_14124,69666.0
14126,User_14126,73691.0
14130,User_14130,52618.0
14134,User_14134,85559.0
14138,User_14138,67019.0
14140,User_14140,73550.0
14142,User_14142,58843.0
14148,User_14148,75298.0
14158,User_14158,86913.0
14160,User_14160,63059.0
14166,User_14166,83448.0
14170,User_14170,98485.0
14174,User_14174,53213.0
14176,User_14176,88756.0
14178,User_14178,58915.0
14180,User_14180,72308.0
14182,User_14182,80078.0
14186,User_14186,75492.0
14194,User_14194,98333.0
14198,User_14198,55056.0
14202,User_14202,75468.0
14204,User_14204,60711.0
14206,User_14206,99144.0
14210,User_14210,58800.0
14214,User_14214,74258.0
14220,User_14220,54183.0
14224,User_14224,82939.0
14226,User_14226,50091.0
14230,User_14230,63467.0
14232,User_14232,63795.0
14234,User_14234,58418.0
14244,User_14244,52895.0
14250,User_14250,70033.0
14252,User_14252,61664.0
14254,User_14254,65225.0
14266,User_14266,89491.0
14268,User_14268,72905.0
14272,User_14272,95241.0
14274,User_14274,57695.0
14280,User_14280,91097.0
14282,User_14282,88628.0
14284,User_14284,88331.0
14288,User_14288,77834.0
14292,User_14292,96095.0
14294,User_14294,69516.0
14296,User_14296,52248.0
14298,User_14298,98767.0
14300,User_14300,75462.0
14302,User_14302,62946.0
14310,User_14310,69698.0
14314,User_14314,92666.0
14318,User_14318,79207.0
14322,User_14322,98653.0
14326,User_14326,52852.0
14328,User_14328,55753.0
14330,User_14330,91938.0
14332,User_14332,70279.0
14334,User_14334,62643.0
14336,User_14336,67555.0
14340,User_14340,89801.0
14350,User_14350,80352.0
14362,User_14362,93990.0
14366,User_14366,97112.0
14382,User_14382,66746.0
14384,User_14384,54060.0
14392,User_14392,85494.0
14398,User_14398,68955.0
14400,User_14400,71548.0
14406,User_14406,51471.0
14408,User_14408,58028.0
14410,User_14410,96845.0
14420,User_14420,90253.0
14426,User_14426,57219.0
14428,User_14428,52749.0
14432,User_14432,56686.0
14434,User_14434,70591.0
14436,User_14436,64518.0
14438,User_14438,79696.0
14440,User_14440,95367.0
14444,User_14444,52426.0
14450,User_14450,59981.0
14458,User_14458,74038.0
14460,User_14460,89550.0
14462,User_14462,79726.0
14482,User_14482,76513.0
14486,User_14486,63707.0
14492,User_14492,99505.0
14504,User_14504,50752.0
14506,User_14506,59197.0
14508,User_14508,51826.0
14514,User_14514,91023.0
14516,User_14516,81682.0
14518,User_14518,61764.0
14522,User_14522,80241.0
14526,User_14526,95457.0
14528,User_14528,86235.0
14530,User_14530,91861.0
14538,User_14538,78931.0
14540,User_14540,63031.0
14542,User_14542,95596.0
14544,User_14544,74742.0
14546,User_14546,59313.0
14552,User_14552,64052.0
14558,User_14558,51689.0
14560,User_14560,84527.0
14572,User_14572,93325.0
14574,User_14574,72527.0
14580,User_14580,57141.0
14582,User_14582,55102.0
14588,User_14588,99238.0
14592,User_14592,85583.0
14598,User_14598,52262.0
14604,User_14604,62825.0
14606,User_14606,59407.0
14608,User_14608,73970.0
14612,User_14612,59430.0
14614,User_14614,84477.0
14624,User_14624,90422.0
14632,User_14632,75854.0
14638,User_14638,52754.0
14646,User_14646,71996.0
14648,User_14648,59084.0
14650,User_14650,63291.0
14652,User_14652,56160.0
14660,User_14660,87608.0
14666,User_14666,88199.0
14676,User_14676,99697.0
14680,User_14680,74445.0
14690,User_14690,59803.0
14698,User_14698,59961.0
14700,User_14700,69292.0
14704,User_14704,75109.0
14708,User_14708,91449.0
14720,User_14720,78199.0
14722,User_14722,67172.0
14728,User_14728,73744.0
14730,User_14730,70577.0
14732,User_14732,61385.0
14736,User_14736,85357.0
14738,User_14738,98046.0
14740,User_14740,98589.0
14742,User_14742,90006.0
14744,User_14744,91549.0
14746,User_14746,52503.0
14748,User_14748,83640.0
14756,User_14756,72642.0
14760,User_14760,53523.0
14762,User_14762,65585.0
14770,User_14770,78046.0
14774,User_14774,58662.0
14776,User_14776,72752.0
14778,User_14778,56801.0
14780,User_14780,57452.0
14784,User_14784,73444.0
14788,User_14788,86391.0
14790,User_14790,99341.0
14792,User_14792,72991.0
14794,User_14794,75331.0
14796,User_14796,53229.0
14798,User_14798,54596.0
14800,User_14800,70769.0
14802,User_14802,90327.0
14804,User_14804,81065.0
14812,User_14812,60999.0
14814,User_14814,66890.0
14836,User_14836,51853.0
14838,User_14838,78057.0
14840,User_14840,84564.0
14842,User_14842,51979.0
14846,User_14846,97084.0
14850,User_14850,92328.0
14854,User_14854,99529.0
14858,User_14858,84473.0
14860,User_14860,83222.0
14864,User_14864,56801.0
14876,User_14876,51342.0
14878,User_14878,94786.0
14880,User_14880,84041.0
14886,User_14886,63038.0
14890,User_14890,89389.0
14896,User_14896,91824.0
14898,User_14898,99039.0
14902,User_14902,68482.0
14904,User_14904,70906.0
14906,User_14906,77886.0
14914,User_14914,53098.0
14918,User_14918,74862.0
14930,User_14930,78821.0
14932,User_14932,68241.0
14934,User_14934,94760.0
14938,User_14938,98116.0
14948,User_14948,57069.0
14950,User_14950,86096.0
14956,User_14956,70766.0
14958,User_14958,81026.0
14960,User_14960,94545.0
14968,User_14968,82194.0
14972,User_14972,68806.0
14974,User_14974,67612.0
14976,User_14976,55150.0
14984,User_14984,58056.0
14996,User_14996,79496.0
15002,User_15002,68659.0
15006,User_15006,72578.0
15008,User_15008,67708.0
15010,User_15010,86364.0
15012,User_15012,75797.0
15014,User_15014,59818.0
15016,User_15016,88171.0
15018,User_15018,98225.0
15020,User_15020,90507.0
15022,User_15022,96410.0
15024,User_15024,77106.0
15028,User_15028,57294.0
15034,User_15034,84988.0
15036,User_15036,70392.0
15040,User_15040,91694.0
15042,User_15042,61013.0
15044,User_15044,51802.0
15046,User_15046,80285.0
15050,User_15050,80895.0
15062,User_15062,54502.0
15066,User_15066,51304.0
15078,User_15078,69977.0
15082,User_15082,61463.0
15084,User_15084,99993.0
15094,User_15094,54920.0
15100,User_15100,90943.0
15106,User_15106,98191.0
15110,User_15110,72682.0
15112,User_15112,95018.0
15114,User_15114,80721.0
15120,User_15120,89724.0
15124,User_15124,63295.0
15130,User_15130,85217.0
15134,User_15134,79012.0
15136,User_15136,66544.0
15138,User_15138,57726.0
15140,User_15140,81519.0
15142,User_15142,57809.0
15146,User_15146,98395.0
15148,User_15148,65767.0
15150,User_15150,80389.0
15154,User_15154,78408.0
15160,User_15160,82760.0
15168,User_15168,97636.0
15172,User_15172,98160.0
15174,User_15174,85835.0
15176,User_15176,83662.0
15180,User_15180,86323.0
15192,User_15192,91978.0
15198,User_15198,64413.0
15200,User_15200,62276.0
15214,User_15214,67894.0
15216,User_15216,61485.0
15218,User_15218,62954.0
15220,User_15220,56330.0
15222,User_15222,96931.0
15232,User_15232,81534.0
15238,User_15238,72162.0
15242,User_15242,88031.0
15246,User_15246,90811.0
15248,User_15248,98478.0
15252,User_15252,93695.0
15254,User_15254,57491.0
15262,User_15262,86506.0
15266,User_15266,57058.0
15272,User_15272,80157.0
15278,User_15278,77652.0
15282,User_15282,89438.0
15284,User_15284,69078.0
15286,User_15286,56696.0
15300,User_15300,73755.0
15302,User_15302,70279.0
15310,User_15310,81108.0
15324,User_15324,95040.0
15326,User_15326,56505.0
15328,User_15328,72592.0
15330,User_15330,63535.0
15332,User_15332,75088.0
15336,User_15336,70498.0
15338,User_15338,87189.0
15350,User_15350,92495.0
15360,User_15360,71424.0
15366,User_15366,65033.0
15372,User_15372,83428.0
15376,User_15376,82640.0
15378,User_15378,96069.0
15388,User_15388,94605.0
15394,User_15394,50097.0
15396,User_15396,76514.0
15398,User_15398,86890.0
15400,User_15400,99378.0
15404,User_15404,75582.0
15408,User_15408,63439.0
15410,User_15410,73292.0
15412,User_15412,98565.0
15414,User_15414,69399.0
15416,User_15416,65620.0
15420,User_15420,52755.0
15422,User_15422,95327.0
15426,User_15426,54199.0
15428,User_15428,99959.0
15438,User_15438,89494.0
15444,User_15444,64419.0
15446,User_15446,68267.0
15448,User_15448,84467.0
15450,User_15450,68050.0
15456,User_15456,90424.0
15460,User_15460,72025.0
15468,User_15468,57917.0
15470,User_15470,54337.0
15474,User_15474,92323.0
15476,User_15476,80589.0
15478,User_15478,60262.0
15480,User_15480,79167.0
15484,User_15484,58181.0
15486,User_15486,92879.0
15490,User_15490,72169.0
15492,User_15492,59781.0
15494,User_15494,96494.0
15504,User_15504,60311.0
15508,User_15508,91709.0
15514,User_15514,62120.0
15518,User_15518,54758.0
15520,User_15520,67278.0
15526,User_15526,91823.0
15534,User_15534,94198.0
15536,User_15536,74337.0
15538,User_15538,99630.0
15546,User_15546,51111.0
15550,User_15550,54435.0
15552,User_15552,96721.0
15560,User_15560,54784.0
15570,User_15570,50703.0
15572,User_15572,56250.0
15574,User_15574,72518.0
15576,User_15576,99782.0
15580,User_15580,99025.0
15582,User_15582,73433.0
15584,User_15584,78103.0
15586,User_15586,58164.0
15590,User_15590,94725.0
15594,User_15594,68632.0
15596,User_15596,96467.0
15598,User_15598,66168.0
15606,User_15606,61392.0
15608,User_15608,87494.0
15610,User_15610,59812.0
15612,User_15612,80316.0
15614,User_15614,84953.0
15618,User_15618,90623.0
15620,User_15620,95743.0
15622,User_15622,57913.0
15630,User_15630,68632.0
15632,User_15632,76253.0
15636,User_15636,99765.0
15638,User_15638,55327.0
15642,User_15642,50873.0
15644,User_15644,99468.0
15648,User_15648,54398.0
15650,User_15650,59464.0
15652,User_15652,80491.0
15654,User_15654,56141.0
15658,User_15658,95929.0
15660,User_15660,58999.0
15664,User_15664,67830.0
15666,User_15666,67960.0
15668,User_15668,66217.0
15670,User_15670,54198.0
15672,User_15672,53720.0
15674,User_15674,84096.0
15676,User_15676,83466.0
15682,User_15682,51270.0
15686,User_15686,82542.0
15688,User_15688,82868.0
15690,User_15690,93971.0
15692,User_15692,68784.0
15694,User_15694,61043.0
15696,User_15696,52012.0
15698,User_15698,84423.0
15702,User_15702,67796.0
15704,User_15704,52751.0
15708,User_15708,51531.0
15710,User_15710,87908.0
15712,User_15712,80643.0
15714,User_15714,64211.0
15716,User_15716,80765.0
15718,User_15718,76534.0
15720,User_15720,70801.0
15728,User_15728,91287.0
15732,User_15732,67558.0
15734,User_15734,55685.0
15740,User_15740,65991.0
15744,User_15744,65416.0
15760,User_15760,80402.0
15766,User_15766,59763.0
15768,User_15768,77362.0
15778,User_15778,62043.0
15780,User_15780,94994.0
15784,User_15784,67459.0
15790,User_15790,53372.0
15792,User_15792,65895.0
15796,User_15796,98346.0
15798,User_15798,56432.0
15800,User_15800,58586.0
15808,User_15808,56059.0
15810,User_15810,97067.0
15812,User_15812,76658.0
15814,User_15814,64658.0
15816,User_15816,65472.0
15820,User_15820,98598.0
15826,User_15826,72208.0
15830,User_15830,79294.0
15832,User_15832,63394.0
15836,User_15836,77984.0
15840,User_15840,53279.0
15848,User_15848,93525.0
15850,User_15850,69616.0
15856,User_15856,68085.0
15862,User_15862,51636.0
15868,User_15868,87590.0
15870,User_15870,81507.0
15874,User_15874,76034.0
15876,User_15876,52197.0
15878,User_15878,59007.0
15880,User_15880,62798.0
15886,User_15886,86151.0
15890,User_15890,54489.0
15896,User_15896,70041.0
15898,User_15898,93530.0
15904,User_15904,97854.0
15908,User_15908,78997.0
15912,User_15912,98310.0
15914,User_15914,66800.0
15926,User_15926,75197.0
15928,User_15928,72065.0
15930,User_15930,59740.0
15932,User_15932,93776.0
15936,User_15936,90369.0
15938,User_15938,81315.0
15944,User_15944,54006.0
15950,User_15950,74921.0
15956,User_15956,80907.0
15958,User_15958,73455.0
15960,User_15960,55750.0
15964,User_15964,77467.0
15966,User_15966,98144.0
15968,User_15968,83042.0
15970,User_15970,77255.0
15972,User_15972,52822.0
15978,User_15978,93938.0
15982,User_15982,78324.0
15984,User_15984,59734.0
15988,User_15988,71489.0
15990,User_15990,83404.0
15998,User_15998,94116.0
16000,User_16000,57287.0
16002,User_16002,63725.0
16004,User_16004,79887.0
16008,User_16008,58743.0
16016,User_16016,65324.0
16026,User_16026,92505.0
16030,User_16030,81786.0
16036,User_16036,55617.0
16038,User_16038,66098.0
16040,User_16040,52380.0
16042,User_16042,72470.0
16050,User_16050,65824.0
16052,User_16052,78622.0
16058,User_16058,76543.0
16074,User_16074,68658.0
16076,User_16076,78770.0
16078,User_16078,75276.0
16080,User_16080,90210.0
16082,User_16082,99399.0
16086,User_16086,64839.0
16088,User_16088,89388.0
16092,User_16092,71115.0
16108,User_16108,81957.0
16116,User_16116,53343.0
16122,User_16122,60246.0
16124,User_16124,98461.0
16128,User_16128,51498.0
16130,User_16130,81749.0
16138,User_16138,86460.0
16140,User_16140,75656.0
16142,User_16142,70595.0
16144,User_16144,50796.0
16150,User_16150,84658.0
16156,User_16156,86319.0
16162,User_16162,92560.0
16164,User_16164,72971.0
16166,User_16166,67442.0
16168,User_16168,50659.0
16172,User_16172,89440.0
16174,User_16174,62485.0
16180,User_16180,59959.0
16184,User_16184,81113.0
16192,User_16192,99226.0
16198,User_16198,72086.0
16218,User_16218,52689.0
16224,User_16224,95094.0
16226,User_16226,67154.0
16232,User_16232,81330.0
16236,User_16236,88610.0
16238,User_16238,76514.0
16248,User_16248,95580.0
16250,User_16250,80733.0
16254,User_16254,52962.0
16260,User_16260,60397.0
16262,User_16262,50815.0
16264,User_16264,81624.0
16266,User_16266,91297.0
16270,User_16270,99015.0
16272,User_16272,50217.0
16274,User_16274,83459.0
16276,User_16276,55950.0
16278,User_16278,87038.0
16280,User_16280,86610.0
16288,User_16288,99260.0
16290,User_16290,74329.0
16292,User_16292,68167.0
16294,User_16294,87567.0
16300,User_16300,98222.0
16304,User_16304,74802.0
16306,User_16306,93259.0
16308,User_16308,79587.0
16312,User_16312,50475.0
16314,User_16314,89088.0
16316,User_16316,58314.0
16320,User_16320,56531.0
16326,User_16326,99312.0
16328,User_16328,80302.0
16334,User_16334,55027.0
16338,User_16338,82205.0
16340,User_16340,85714.0
16344,User_16344,89606.0
16356,User_16356,69471.0
16358,User_16358,59621.0
16360,User_16360,82210.0
16364,User_16364,80522.0
16366,User_16366,96157.0
16368,User_16368,91530.0
16372,User_16372,94870.0
16380,User_16380,77387.0
16384,User_16384,56095.0
16394,User_16394,69476.0
16398,User_16398,63571.0
16400,User_16400,96754.0
16410,User_16410,69764.0
16414,User_16414,65669.0
16416,User_16416,50355.0
16422,User_16422,75750.0
16434,User_16434,70575.0
16446,User_16446,61109.0
16448,User_16448,55120.0
16450,User_16450,72276.0
16452,User_16452,84748.0
16458,User_16458,99754.0
16466,User_16466,97544.0
16468,User_16468,73992.0
16472,User_16472,54920.0
16476,User_16476,92876.0
16484,User_16484,87842.0
16486,User_16486,65486.0
16488,User_16488,56350.0
16490,User_16490,78250.0
16498,User_16498,88685.0
16506,User_16506,64749.0
16512,User_16512,86059.0
16518,User_16518,93479.0
16524,User_16524,71432.0
16530,User_16530,97916.0
16532,User_16532,56085.0
16534,User_16534,88456.0
16538,User_16538,69419.0
16544,User_16544,70714.0
16546,User_16546,99660.0
16552,User_16552,76969.0
16554,User_16554,63729.0
16556,User_16556,94447.0
16562,User_16562,52116.0
16564,User_16564,76083.0
16572,User_16572,98319.0
16578,User_16578,91647.0
16580,User_16580,98887.0
16584,User_16584,81476.0
16588,User_16588,89276.0
16594,User_16594,76877.0
16596,User_16596,64840.0
16602,User_16602,62094.0
16606,User_16606,98847.0
16608,User_16608,74273.0
16610,User_16610,73487.0
16618,User_16618,99391.0
16620,User_16620,84028.0
16622,User_16622,63085.0
16626,User_16626,98629.0
16634,User_16634,58078.0
16640,User_16640,96325.0
16642,User_16642,92404.0
16646,User_16646,69079.0
16648,User_16648,55655.0
16650,User_16650,61390.0
16652,User_16652,54584.0
16654,User_16654,86328.0
16656,User_16656,83740.0
16660,User_16660,75822.0
16664,User_16664,66152.0
16668,User_16668,73009.0
16670,User_16670,78778.0
16678,User_16678,64309.0
16682,User_16682,96324.0
16684,User_16684,52334.0
16686,User_16686,90492.0
16688,User_16688,68462.0
16696,User_16696,69632.0
16700,User_16700,58462.0
16702,User_16702,69447.0
16704,User_16704,85394.0
16706,User_16706,67308.0
16710,User_16710,64994.0
16714,User_16714,53564.0
16722,User_16722,66826.0
16728,User_16728,96591.0
16732,User_16732,59502.0
16734,User_16734,71853.0
16738,User_16738,94543.0
16742,User_16742,78869.0
16746,User_16746,52720.0
16752,User_16752,77246.0
16754,User_16754,63572.0
16756,User_16756,64684.0
16766,User_16766,63296.0
16772,User_16772,87898.0
16774,User_16774,65332.0
16778,User_16778,53929.0
16780,User_16780,63868.0
16790,User_16790,99901.0
16794,User_16794,77104.0
16806,User_16806,51395.0
16816,User_16816,66454.0
16818,User_16818,73519.0
16820,User_16820,52369.0
16822,User_16822,72970.0
16826,User_16826,90707.0
16830,User_16830,68470.0
16832,User_16832,73580.0
16842,User_16842,86813.0
16846,User_16846,52697.0
16850,User_16850,87341.0
16852,User_16852,77872.0
16854,User_16854,72200.0
16856,User_16856,85321.0
16860,User_16860,79651.0
16862,User_16862,84231.0
16866,User_16866,57533.0
16878,User_16878,98395.0
16880,User_16880,71115.0
16882,User_16882,55010.0
16886,User_16886,88584.0
16888,User_16888,67529.0
16890,User_16890,62869.0
16896,User_16896,91402.0
16898,User_16898,52180.0
16908,User_16908,84194.0
16914,User_16914,96540.0
16916,User_16916,82056.0
16918,User_16918,82826.0
16922,User_16922,80001.0
16924,User_16924,52910.0
16932,User_16932,76983.0
16936,User_16936,87656.0
16942,User_16942,72268.0
16944,User_16944,93377.0
16948,User_16948,79602.0
16952,User_16952,75362.0
16960,User_16960,62320.0
16966,User_16966,80466.0
16970,User_16970,59673.0
16972,User_16972,97148.0
16974,User_16974,58318.0
16976,User_16976,83332.0
16982,User_16982,55541.0
16984,User_16984,61840.0
16986,User_16986,79221.0
16990,User_16990,55972.0
16992,User_16992,82976.0
16994,User_16994,79888.0
16998,User_16998,76671.0
17000,User_17000,85484.0
17004,User_17004,80049.0
17006,User_17006,66716.0
17014,User_17014,69965.0
17022,User_17022,85589.0
17028,User_17028,64484.0
17034,User_17034,72557.0
17042,User_17042,97833.0
17044,User_17044,97261.0
17050,User_17050,62440.0
17052,User_17052,80908.0
17056,User_17056,65360.0
17058,User_17058,75017.0
17060,User_17060,59749.0
17062,User_17062,51241.0
17068,User_17068,70410.0
17070,User_17070,71754.0
17078,User_17078,73873.0
17080,User_17080,79998.0
17082,User_17082,52223.0
17090,User_17090,69431.0
17092,User_17092,91365.0
17096,User_17096,64056.0
17098,User_17098,72303.0
17104,User_17104,54467.0
17108,User_17108,63726.0
17110,User_17110,79479.0
17116,User_17116,65876.0
17118,User_17118,63830.0
17122,User_17122,56866.0
17132,User_17132,93894.0
17136,User_17136,90111.0
17138,User_17138,97418.0
17144,User_17144,91726.0
17146,User_17146,82696.0
17148,User_17148,71753.0
17156,User_17156,61872.0
17160,User_17160,96290.0
17162,User_17162,84638.0
17174,User_17174,68857.0
17178,User_17178,67178.0
17180,User_17180,68848.0
17182,User_17182,93018.0
17184,User_17184,57233.0
17186,User_17186,86698.0
17190,User_17190,71862.0
17194,User_17194,64078.0
17198,User_17198,99076.0
17202,User_17202,92417.0
17210,User_17210,78156.0
17212,User_17212,65431.0
17214,User_17214,87414.0
17220,User_17220,92363.0
17222,User_17222,81357.0
17224,User_17224,82411.0
17232,User_17232,74070.0
17236,User_17236,71240.0
17238,User_17238,66252.0
17240,User_17240,89731.0
17242,User_17242,76411.0
17244,User_17244,88499.0
17246,User_17246,98534.0
17250,User_17250,73082.0
17256,User_17256,85373.0
17258,User_17258,71793.0
17260,User_17260,83794.0
17264,User_17264,57910.0
17266,User_17266,58391.0
17268,User_17268,65861.0
17270,User_17270,87625.0
17272,User_17272,83852.0
17278,User_17278,74694.0
17282,User_17282,60704.0
17294,User_17294,96209.0
17296,User_17296,70404.0
17298,User_17298,53018.0
17300,User_17300,63592.0
17302,User_17302,76443.0
17312,User_17312,92110.0
17316,User_17316,60908.0
17320,User_17320,76701.0
17322,User_17322,92649.0
17324,User_17324,71752.0
17328,User_17328,77811.0
17332,User_17332,86306.0
17334,User_17334,55097.0
17336,User_17336,64062.0
17338,User_17338,75233.0
17340,User_17340,90272.0
17344,User_17344,92540.0
17348,User_17348,86495.0
17350,User_17350,75753.0
17352,User_17352,62223.0
17358,User_17358,51992.0
17360,User_17360,87690.0
17364,User_17364,78886.0
17372,User_17372,71981.0
17376,User_17376,92008.0
17378,User_17378,91790.0
17380,User_17380,51864.0
17384,User_17384,75704.0
17386,User_17386,94751.0
17388,User_17388,86937.0
17390,User_17390,69192.0
17394,User_17394,66632.0
17398,User_17398,62146.0
17400,User_17400,50302.0
17402,User_17402,59590.0
17420,User_17420,64266.0
17424,User_17424,60469.0
17426,User_17426,82534.0
17428,User_17428,94635.0
17438,User_17438,61559.0
17440,User_17440,74104.0
17450,User_17450,61806.0
17452,User_17452,80759.0
17464,User_17464,79835.0
17474,User_17474,98522.0
17478,User_17478,63897.0
17480,User_17480,69740.0
17490,User_17490,75146.0
17496,User_17496,84600.0
17506,User_17506,93247.0
17508,User_17508,76352.0
17510,User_17510,77864.0
17512,User_17512,68035.0
17526,User_17526,71671.0
17528,User_17528,63423.0
17530,User_17530,50740.0
17542,User_17542,73855.0
17544,User_17544,54685.0
17546,User_17546,53060.0
17550,User_17550,70152.0
17554,User_17554,50809.0
17556,User_17556,98311.0
17558,User_17558,71619.0
17562,User_17562,93560.0
17564,User_17564,69942.0
17574,User_17574,68152.0
17582,User_17582,70401.0
17584,User_17584,92863.0
17586,User_17586,94748.0
17588,User_17588,68617.0
17590,User_17590,59948.0
17594,User_17594,98074.0
17604,User_17604,71291.0
17608,User_17608,67257.0
17610,User_17610,75695.0
17612,User_17612,79417.0
17614,User_17614,77876.0
17616,User_17616,79045.0
17626,User_17626,53802.0
17628,User_17628,68147.0
17638,User_17638,64478.0
17640,User_17640,74572.0
17642,User_17642,54807.0
17644,User_17644,86351.0
17646,User_17646,56739.0
17648,User_17648,58983.0
17650,User_17650,75089.0
17652,User_17652,91190.0
17654,User_17654,77511.0
17658,User_17658,56201.0
17660,User_17660,51547.0
17664,User_17664,90505.0
17670,User_17670,80782.0
17674,User_17674,99684.0
17676,User_17676,91474.0
17682,User_17682,50690.0
17688,User_17688,75195.0
17692,User_17692,99132.0
17694,User_17694,67000.0
17696,User_17696,65268.0
17698,User_17698,85987.0
17702,User_17702,67732.0
17704,User_17704,97397.0
17706,User_17706,59694.0
17714,User_17714,92263.0
17716,User_17716,67213.0
17720,User_17720,86069.0
17728,User_17728,69439.0
17730,User_17730,55477.0
17746,User_17746,83397.0
17748,User_17748,74796.0
17752,User_17752,77237.0
17754,User_17754,61639.0
17758,User_17758,89281.0
17772,User_17772,97932.0
17774,User_17774,84167.0
17776,User_17776,78154.0
17778,User_17778,50549.0
17784,User_17784,55770.0
17788,User_17788,52279.0
17790,User_17790,60112.0
17792,User_17792,82909.0
17794,User_17794,63802.0
17802,User_17802,95629.0
17804,User_17804,99240.0
17806,User_17806,71216.0
17810,User_17810,68557.0
17814,User_17814,80146.0
17818,User_17818,92642.0
17828,User_17828,84935.0
17830,User_17830,66977.0
17832,User_17832,91793.0
17834,User_17834,87633.0
17836,User_17836,60901.0
17844,User_17844,86737.0
17848,User_17848,97447.0
17852,User_17852,67608.0
17856,User_17856,51984.0
17858,User_17858,62915.0
17862,User_17862,70903.0
17864,User_17864,70714.0
17866,User_17866,78426.0
17874,User_17874,81955.0
17880,User_17880,60294.0
17882,User_17882,89180.0
17884,User_17884,97291.0
17888,User_17888,69999.0
17890,User_17890,94173.0
17894,User_17894,83778.0
17898,User_17898,89101.0
17900,User_17900,89495.0
17902,User_17902,50022.0
17904,User_17904,51799.0
17906,User_17906,65317.0
17908,User_17908,72010.0
17912,User_17912,68394.0
17914,User_17914,75599.0
17916,User_17916,79763.0
17920,User_17920,87355.0
17922,User_17922,55542.0
17924,User_17924,83488.0
17926,User_17926,87858.0
17928,User_17928,58339.0
17932,User_17932,95131.0
17942,User_17942,77512.0
17950,User_17950,71387.0
17952,User_17952,54089.0
17954,User_17954,90740.0
17956,User_17956,70517.0
17962,User_17962,55234.0
17968,User_17968,95400.0
17970,User_17970,78545.0
17972,User_17972,72773.0
17974,User_17974,97694.0
17976,User_17976,55936.0
17978,User_17978,54873.0
17980,User_17980,70000.0
17982,User_17982,74747.0
17984,User_17984,60771.0
17992,User_17992,99456.0
17998,User_17998,99412.0
18020,User_18020,98609.0
18026,User_18026,83232.0
18028,User_18028,85612.0
18030,User_18030,88837.0
18036,User_18036,95653.0
18038,User_18038,78101.0
18040,User_18040,87772.0
18044,User_18044,66250.0
18048,User_18048,94717.0
18050,User_18050,95804.0
18052,User_18052,71022.0
18054,User_18054,91043.0
18058,User_18058,53066.0
18060,User_18060,71791.0
18080,User_18080,83114.0
18084,User_18084,73252.0
18102,User_18102,57014.0
18108,User_18108,81287.0
18110,User_18110,90872.0
18116,User_18116,80143.0
18118,User_18118,68836.0
18120,User_18120,91430.0
18126,User_18126,97566.0
18132,User_18132,94486.0
18136,User_18136,75772.0
18140,User_18140,70445.0
18142,User_18142,85568.0
18146,User_18146,97330.0
18148,User_18148,61193.0
18156,User_18156,52014.0
18158,User_18158,96170.0
18162,User_18162,56308.0
18166,User_18166,76787.0
18168,User_18168,74487.0
18174,User_18174,52890.0
18180,User_18180,60600.0
18182,User_18182,94131.0
18202,User_18202,91985.0
18210,User_18210,93591.0
18212,User_18212,76774.0
18214,User_18214,82578.0
18216,User_18216,94015.0
18222,User_18222,93428.0
18224,User_18224,84369.0
18228,User_18228,98706.0
18230,User_18230,50463.0
18234,User_18234,69511.0
18236,User_18236,57173.0
18238,User_18238,94646.0
18240,User_18240,82897.0
18242,User_18242,85266.0
18244,User_18244,95687.0
18248,User_18248,96991.0
18252,User_18252,71459.0
18256,User_18256,58202.0
18264,User_18264,90263.0
18274,User_18274,70927.0
18278,User_18278,99808.0
18280,User_18280,54361.0
18292,User_18292,54612.0
18294,User_18294,90195.0
18296,User_18296,78985.0
18302,User_18302,55527.0
18304,User_18304,99120.0
18310,User_18310,86281.0
18312,User_18312,89388.0
18318,User_18318,85473.0
18320,User_18320,97162.0
18326,User_18326,82906.0
18328,User_18328,83255.0
18330,User_18330,85609.0
18336,User_18336,93776.0
18340,User_18340,92744.0
18346,User_18346,64185.0
18350,User_18350,96728.0
18358,User_18358,54125.0
18362,User_18362,84176.0
18364,User_18364,95309.0
18366,User_18366,59085.0
18368,User_18368,72586.0
18370,User_18370,66592.0
18374,User_18374,84350.0
18376,User_18376,51854.0
18378,User_18378,50703.0
18384,User_18384,96606.0
18386,User_18386,79712.0
18396,User_18396,64564.0
18398,User_18398,92093.0
18406,User_18406,83642.0
18408,User_18408,75605.0
18420,User_18420,61903.0
18428,User_18428,95322.0
18430,User_18430,95732.0
18432,User_18432,80028.0
18436,User_18436,81561.0
18440,User_18440,83966.0
18444,User_18444,65793.0
18450,User_18450,82797.0
18452,User_18452,59557.0
18456,User_18456,91868.0
18460,User_18460,56767.0
18462,User_18462,94414.0
18464,User_18464,90468.0
18466,User_18466,59215.0
18468,User_18468,92884.0
18476,User_18476,59080.0
18480,User_18480,87375.0
18486,User_18486,97708.0
18488,User_18488,56058.0
18494,User_18494,97061.0
18496,User_18496,69681.0
18498,User_18498,89357.0
18502,User_18502,78090.0
18506,User_18506,79575.0
18508,User_18508,61763.0
18514,User_18514,72700.0
18516,User_18516,86238.0
18518,User_18518,77867.0
18522,User_18522,84865.0
18524,User_18524,89104.0
18528,User_18528,74788.0
18532,User_18532,83291.0
18538,User_18538,77352.0
18548,User_18548,58720.0
18550,User_18550,84074.0
18558,User_18558,81110.0
18560,User_18560,97634.0
18562,User_18562,83757.0
18570,User_18570,69895.0
18574,User_18574,83802.0
18578,User_18578,70741.0
18586,User_18586,51980.0
18592,User_18592,81274.0
18602,User_18602,72107.0
18604,User_18604,76065.0
18606,User_18606,65429.0
18608,User_18608,89482.0
18612,User_18612,87319.0
18616,User_18616,75635.0
18620,User_18620,56713.0
18624,User_18624,81088.0
18628,User_18628,75027.0
18634,User_18634,50418.0
18640,User_18640,72524.0
18642,User_18642,69654.0
18644,User_18644,65198.0
18648,User_18648,93561.0
18650,User_18650,50224.0
18652,User_18652,50682.0
18654,User_18654,91920.0
18658,User_18658,58336.0
18660,User_18660,90970.0
18664,User_18664,51719.0
18666,User_18666,97154.0
18670,User_18670,74416.0
18672,User_18672,80911.0
18674,User_18674,93602.0
18676,User_18676,54536.0
18682,User_18682,52093.0
18684,User_18684,72267.0
18688,User_18688,67180.0
18690,User_18690,57269.0
18692,User_18692,59175.0
18694,User_18694,72096.0
18696,User_18696,94520.0
18698,User_18698,94244.0
18702,User_18702,71090.0
18714,User_18714,59177.0
18716,User_18716,92878.0
18720,User_18720,91867.0
18722,User_18722,94128.0
18724,User_18724,97810.0
18734,User_18734,64874.0
18738,User_18738,81918.0
18748,User_18748,53990.0
18750,User_18750,67528.0
18752,User_18752,60558.0
18754,User_18754,65398.0
18756,User_18756,80882.0
18764,User_18764,72358.0
18768,User_18768,55952.0
18770,User_18770,81728.0
18776,User_18776,89379.0
18778,User_18778,99902.0
18780,User_18780,85697.0
18782,User_18782,53861.0
18784,User_18784,71545.0
18786,User_18786,89547.0
18788,User_18788,60947.0
18792,User_18792,71743.0
18796,User_18796,97756.0
18802,User_18802,79719.0
18806,User_18806,69612.0
18808,User_18808,89748.0
18812,User_18812,65158.0
18816,User_18816,82237.0
18818,User_18818,62537.0
18824,User_18824,63203.0
18826,User_18826,59129.0
18828,User_18828,52265.0
18830,User_18830,86500.0
18832,User_18832,65223.0
18834,User_18834,83131.0
18840,User_18840,92797.0
18842,User_18842,76651.0
18844,User_18844,99884.0
18846,User_18846,55641.0
18852,User_18852,80096.0
18856,User_18856,58241.0
18862,User_18862,77755.0
18866,User_18866,67843.0
18868,User_18868,87734.0
18874,User_18874,73622.0
18880,User_18880,89004.0
18882,User_18882,76666.0
18886,User_18886,50037.0
18888,User_18888,90414.0
18892,User_18892,72220.0
18894,User_18894,95259.0
18896,User_18896,50889.0
18904,User_18904,75910.0
18906,User_18906,75917.0
18912,User_18912,70334.0
18914,User_18914,96094.0
18918,User_18918,71974.0
18924,User_18924,97568.0
18926,User_18926,53099.0
18928,User_18928,85089.0
18930,User_18930,70292.0
18934,User_18934,81975.0
18938,User_18938,68205.0
18940,User_18940,97419.0
18942,User_18942,81510.0
18944,User_18944,53989.0
18946,User_18946,65948.0
18952,User_18952,85846.0
18954,User_18954,85955.0
18960,User_18960,75883.0
18966,User_18966,59811.0
18968,User_18968,77649.0
18970,User_18970,62068.0
18976,User_18976,55749.0
18978,User_18978,84127.0
18980,User_18980,80231.0
18988,User_18988,88632.0
18990,User_18990,73194.0
18992,User_18992,50842.0
18994,User_18994,84822.0
18996,User_18996,57814.0
19000,User_19000,86724.0
19004,User_19004,94237.0
19006,User_19006,77544.0
19010,User_19010,92525.0
19014,User_19014,72468.0
19016,User_19016,78426.0
19022,User_19022,53077.0
19034,User_19034,65511.0
19036,User_19036,85094.0
19038,User_19038,91778.0
19046,User_19046,87485.0
19048,User_19048,73251.0
19054,User_19054,53764.0
19064,User_19064,53368.0
19068,User_19068,57253.0
19072,User_19072,99686.0
19074,User_19074,84616.0
19078,User_19078,80046.0
19080,User_19080,83928.0
19082,User_19082,68303.0
19084,User_19084,60082.0
19088,User_19088,55651.0
19090,User_19090,60837.0
19092,User_19092,87699.0
19094,User_19094,75603.0
19102,User_19102,57092.0
19108,User_19108,74716.0
19112,User_19112,91760.0
19134,User_19134,53596.0
19138,User_19138,98913.0
19140,User_19140,82815.0
19142,User_19142,55914.0
19144,User_19144,68689.0
19146,User_19146,73498.0
19150,User_19150,62156.0
19156,User_19156,96472.0
19162,User_19162,84790.0
19164,User_19164,79016.0
19166,User_19166,52375.0
19172,User_19172,67937.0
19176,User_19176,98049.0
19178,User_19178,70594.0
19180,User_19180,57794.0
19182,User_19182,83539.0
19184,User_19184,89433.0
19196,User_19196,80199.0
19202,User_19202,97968.0
19204,User_19204,95583.0
19208,User_19208,89927.0
19220,User_19220,77195.0
19222,User_19222,76027.0
19230,User_19230,65624.0
19232,User_19232,77751.0
19236,User_19236,99907.0
19240,User_19240,76481.0
19244,User_19244,56807.0
19250,User_19250,56459.0
19254,User_19254,67779.0
19256,User_19256,74449.0
19258,User_19258,71227.0
19260,User_19260,89288.0
19262,User_19262,94619.0
19264,User_19264,67239.0
19270,User_19270,71014.0
19276,User_19276,52532.0
19280,User_19280,92960.0
19284,User_19284,78281.0
19286,User_19286,81326.0
19288,User_19288,90362.0
19292,User_19292,56714.0
19296,User_19296,58510.0
19304,User_19304,84777.0
19306,User_19306,61513.0
19308,User_19308,91390.0
19312,User_19312,87594.0
19314,User_19314,57056.0
19322,User_19322,94743.0
19324,User_19324,64315.0
19328,User_19328,86390.0
19330,User_19330,80880.0
19334,User_19334,85949.0
19336,User_19336,67310.0
19338,User_19338,62958.0
19340,User_19340,50763.0
19350,User_19350,93833.0
19354,User_19354,85786.0
19356,User_19356,64102.0
19364,User_19364,80183.0
19366,User_19366,75534.0
19370,User_19370,97554.0
19372,User_19372,88968.0
19374,User_19374,78518.0
19378,User_19378,81930.0
19380,User_19380,77508.0
19388,User_19388,76946.0
19392,User_19392,70015.0
19396,User_19396,70479.0
19404,User_19404,54558.0
19408,User_19408,85541.0
19412,User_19412,52731.0
19416,User_19416,86836.0
19418,User_19418,50184.0
19422,User_19422,98492.0
19424,User_19424,64503.0
19428,User_19428,61914.0
19430,User_19430,58763.0
19434,User_19434,77713.0
19442,User_19442,68843.0
19444,User_19444,90556.0
19456,User_19456,62608.0
19458,User_19458,79182.0
19462,User_19462,80411.0
19464,User_19464,60939.0
19466,User_19466,84327.0
19468,User_19468,84214.0
19472,User_19472,59952.0
19476,User_19476,79184.0
19482,User_19482,55404.0
19488,User_19488,89052.0
19494,User_19494,95599.0
19496,User_19496,59712.0
19498,User_19498,58893.0
19502,User_19502,79123.0
19504,User_19504,83208.0
19508,User_19508,63301.0
19514,User_19514,58669.0
19516,User_19516,65873.0
19518,User_19518,52563.0
19520,User_19520,97831.0
19526,User_19526,79619.0
19530,User_19530,90093.0
19532,User_19532,90727.0
19534,User_19534,84647.0
19538,User_19538,66591.0
19548,User_19548,95747.0
19550,User_19550,64202.0
19554,User_19554,75759.0
19560,User_19560,50861.0
19570,User_19570,98787.0
19572,User_19572,73588.0
19586,User_19586,91564.0
19592,User_19592,76474.0
19594,User_19594,79403.0
19596,User_19596,76684.0
19600,User_19600,68389.0
19602,User_19602,83350.0
19604,User_19604,95618.0
19606,User_19606,68771.0
19610,User_19610,66409.0
19612,User_19612,51702.0
19616,User_19616,74112.0
19618,User_19618,76052.0
19620,User_19620,60599.0
19622,User_19622,89036.0
19626,User_19626,74308.0
19628,User_19628,94392.0
19630,User_19630,60016.0
19632,User_19632,57802.0
19634,User_19634,51767.0
19636,User_19636,99852.0
19638,User_19638,74257.0
19640,User_19640,81743.0
19654,User_19654,72589.0
19662,User_19662,90511.0
19668,User_19668,72220.0
19670,User_19670,83169.0
19680,User_19680,57623.0
19686,User_19686,69153.0
19688,User_19688,56175.0
19690,User_19690,52119.0
19692,User_19692,93267.0
19698,User_19698,80517.0
19700,User_19700,70432.0
19712,User_19712,74588.0
19714,User_19714,96727.0
19716,User_19716,59725.0
19720,User_19720,86068.0
19726,User_19726,65800.0
19728,User_19728,56589.0
19734,User_19734,84655.0
19740,User_19740,90967.0
19744,User_19744,64563.0
19750,User_19750,58468.0
19752,User_19752,90166.0
19756,User_19756,68592.0
19758,User_19758,93912.0
19760,User_19760,99007.0
19762,User_19762,61597.0
19766,User_19766,62759.0
19768,User_19768,97036.0
19770,User_19770,60467.0
19772,User_19772,85943.0
19774,User_19774,78575.0
19778,User_19778,75393.0
19786,User_19786,80876.0
19790,User_19790,77498.0
19792,User_19792,85272.0
19806,User_19806,56387.0
19814,User_19814,55881.0
19816,User_19816,60671.0
19818,User_19818,71043.0
19828,User_19828,97775.0
19830,User_19830,71619.0
19836,User_19836,59083.0
19840,User_19840,53273.0
19842,User_19842,59355.0
19844,User_19844,88808.0
19848,User_19848,92032.0
19850,User_19850,84341.0
19854,User_19854,81995.0
19856,User_19856,99413.0
19858,User_19858,72415.0
19862,User_19862,76808.0
19866,User_19866,80950.0
19870,User_19870,66351.0
19876,User_19876,91305.0
19882,User_19882,52790.0
19884,User_19884,89884.0
19886,User_19886,77541.0
19888,User_19888,93577.0
19890,User_19890,53586.0
19892,User_19892,70976.0
19896,User_19896,80786.0
19910,User_19910,65333.0
19914,User_19914,97871.0
19918,User_19918,87377.0
19920,User_19920,94861.0
19922,User_19922,51465.0
19924,User_19924,66664.0
19934,User_19934,70844.0
19938,User_19938,82800.0
19944,User_19944,80958.0
19948,User_19948,54943.0
19956,User_19956,83979.0
19966,User_19966,51404.0
19970,User_19970,71183.0
19974,User_19974,71075.0
19982,User_19982,88920.0
19984,User_19984,64318.0
19986,User_19986,65196.0
19988,User_19988,88793.0
19996,User_19996,92383.0
20002,User_20002,56316.0
20004,User_20004,52143.0
20010,User_20010,77821.0
20012,User_20012,79301.0
20016,User_20016,93428.0
20020,User_20020,88088.0
20024,User_20024,63372.0
20026,User_20026,93834.0
20028,User_20028,56128.0
20030,User_20030,82176.0
20032,User_20032,65603.0
20036,User_20036,92211.0
20040,User_20040,78974.0
20042,User_20042,57067.0
20044,User_20044,60617.0
20048,User_20048,67215.0
20050,User_20050,64714.0
20052,User_20052,89908.0
20058,User_20058,51171.0
20060,User_20060,97091.0
20064,User_20064,67966.0
20066,User_20066,94305.0
20068,User_20068,70578.0
20072,User_20072,69991.0
20078,User_20078,70570.0
20080,User_20080,50261.0
20082,User_20082,88662.0
20084,User_20084,92449.0
20086,User_20086,85365.0
20088,User_20088,55322.0
20090,User_20090,78237.0
20092,User_20092,88710.0
20102,User_20102,78721.0
20104,User_20104,83144.0
20110,User_20110,85999.0
20114,User_20114,86665.0
20116,User_20116,52835.0
20118,User_20118,62634.0
20120,User_20120,54401.0
20122,User_20122,80189.0
20124,User_20124,81265.0
20128,User_20128,76919.0
20134,User_20134,54182.0
20138,User_20138,95662.0
20144,User_20144,86053.0
20148,User_20148,52181.0
20150,User_20150,58800.0
20156,User_20156,88303.0
20162,User_20162,94069.0
20184,User_20184,67109.0
20188,User_20188,53745.0
20194,User_20194,52531.0
20200,User_20200,67668.0
20202,User_20202,80030.0
20204,User_20204,52273.0
20206,User_20206,53280.0
20212,User_20212,90789.0
20216,User_20216,97692.0
20220,User_20220,95926.0
20226,User_20226,76387.0
20230,User_20230,69755.0
20232,User_20232,69062.0
20238,User_20238,97300.0
20240,User_20240,55581.0
20242,User_20242,57295.0
20248,User_20248,97101.0
20250,User_20250,68018.0
20252,User_20252,75468.0
20254,User_20254,85148.0
20262,User_20262,93879.0
20264,User_20264,74710.0
20270,User_20270,71886.0
20272,User_20272,88773.0
20274,User_20274,52269.0
20290,User_20290,83011.0
20294,User_20294,91722.0
20296,User_20296,88711.0
20300,User_20300,92087.0
20302,User_20302,91863.0
20314,User_20314,97724.0
20318,User_20318,83571.0
20320,User_20320,68421.0
20322,User_20322,78888.0
20324,User_20324,83672.0
20326,User_20326,99228.0
20338,User_20338,94998.0
20342,User_20342,60419.0
20346,User_20346,93745.0
20350,User_20350,63072.0
20352,User_20352,97598.0
20354,User_20354,72861.0
20358,User_20358,81386.0
20362,User_20362,90419.0
20364,User_20364,64616.0
20366,User_20366,65365.0
20368,User_20368,78238.0
20372,User_20372,81688.0
20374,User_20374,68161.0
20376,User_20376,51076.0
20380,User_20380,92552.0
20388,User_20388,97035.0
20390,User_20390,99978.0
20394,User_20394,79079.0
20396,User_20396,83173.0
20398,User_20398,97171.0
20402,User_20402,60981.0
20404,User_20404,73557.0
20408,User_20408,97234.0
20410,User_20410,74431.0
20412,User_20412,88297.0
20414,User_20414,82876.0
20418,User_20418,81323.0
20432,User_20432,80534.0
20434,User_20434,75182.0
20438,User_20438,91111.0
20442,User_20442,93744.0
20444,User_20444,81613.0
20446,User_20446,87985.0
20448,User_20448,65973.0
20450,User_20450,79547.0
20454,User_20454,79030.0
20458,User_20458,92092.0
20460,User_20460,51130.0
20462,User_20462,50112.0
20464,User_20464,79869.0
20468,User_20468,52355.0
20472,User_20472,61973.0
20484,User_20484,88734.0
20486,User_20486,65031.0
20494,User_20494,99514.0
20496,User_20496,72771.0
20508,User_20508,80949.0
20512,User_20512,56227.0
20514,User_20514,97867.0
20516,User_20516,66144.0
20518,User_20518,89587.0
20526,User_20526,88776.0
20538,User_20538,83685.0
20540,User_20540,83680.0
20548,User_20548,61717.0
20554,User_20554,94914.0
20558,User_20558,72358.0
20560,User_20560,86652.0
20564,User_20564,62836.0
20568,User_20568,65434.0
20570,User_20570,71444.0
20586,User_20586,64257.0
20592,User_20592,58016.0
20594,User_20594,81385.0
20596,User_20596,53515.0
20598,User_20598,72182.0
20600,User_20600,78475.0
20606,User_20606,89697.0
20608,User_20608,93629.0
20614,User_20614,63551.0
20620,User_20620,82522.0
20624,User_20624,53832.0
20630,User_20630,71296.0
20632,User_20632,74386.0
20638,User_20638,87706.0
20640,User_20640,59927.0
20646,User_20646,93598.0
20650,User_20650,53314.0
20652,User_20652,99139.0
20660,User_20660,99185.0
20672,User_20672,74817.0
20674,User_20674,83581.0
20676,User_20676,52465.0
20678,User_20678,89649.0
20682,User_20682,89677.0
20686,User_20686,81008.0
20694,User_20694,79948.0
20698,User_20698,54565.0
20704,User_20704,53229.0
20706,User_20706,99919.0
20712,User_20712,65049.0
20714,User_20714,92558.0
20718,User_20718,63404.0
20724,User_20724,51925.0
20726,User_20726,68851.0
20728,User_20728,93457.0
20730,User_20730,84145.0
20734,User_20734,60813.0
20744,User_20744,87434.0
20746,User_20746,75259.0
20748,User_20748,88109.0
20750,User_20750,99486.0
20758,User_20758,72221.0
20762,User_20762,51327.0
20768,User_20768,80245.0
20770,User_20770,77869.0
20772,User_20772,92513.0
20774,User_20774,91438.0
20782,User_20782,76923.0
20784,User_20784,89309.0
20790,User_20790,90877.0
20796,User_20796,52177.0
20798,User_20798,56808.0
20800,User_20800,75350.0
20804,User_20804,98432.0
20808,User_20808,88122.0
20812,User_20812,95587.0
20820,User_20820,89440.0
20822,User_20822,69755.0
20828,User_20828,70237.0
20830,User_20830,50530.0
20838,User_20838,64495.0
20844,User_20844,72584.0
20854,User_20854,93693.0
20856,User_20856,68997.0
20858,User_20858,58186.0
20862,User_20862,83022.0
20868,User_20868,94946.0
20876,User_20876,92842.0
20878,User_20878,94946.0
20882,User_20882,65777.0
20884,User_20884,71837.0
20888,User_20888,76587.0
20890,User_20890,70550.0
20902,User_20902,95059.0
20904,User_20904,81761.0
20906,User_20906,84540.0
20908,User_20908,95299.0
20912,User_20912,69672.0
20914,User_20914,58706.0
20920,User_20920,84788.0
20922,User_20922,67146.0
20924,User_20924,86171.0
20928,User_20928,83161.0
20930,User_20930,66730.0
20932,User_20932,85721.0
20934,User_20934,93152.0
20940,User_20940,53984.0
20948,User_20948,62480.0
20954,User_20954,55104.0
20962,User_20962,66439.0
20964,User_20964,97702.0
20966,User_20966,98747.0
20968,User_20968,74744.0
20972,User_20972,69984.0
20980,User_20980,78625.0
20982,User_20982,56625.0
20986,User_20986,75959.0
20998,User_20998,58833.0
21004,User_21004,72943.0
21006,User_21006,71426.0
21012,User_21012,95805.0
21014,User_21014,97917.0
21018,User_21018,85045.0
21024,User_21024,53258.0
21026,User_21026,66340.0
21028,User_21028,97063.0
21034,User_21034,73243.0
21036,User_21036,52048.0
21038,User_21038,69687.0
21040,User_21040,93028.0
21044,User_21044,87505.0
21046,User_21046,98621.0
21048,User_21048,78628.0
21052,User_21052,99432.0
21054,User_21054,95564.0
21060,User_21060,52396.0
21062,User_21062,91890.0
21064,User_21064,62905.0
21070,User_21070,69449.0
21072,User_21072,62283.0
21078,User_21078,58589.0
21082,User_21082,91551.0
21084,User_21084,84102.0
21086,User_21086,58300.0
21088,User_21088,86986.0
21092,User_21092,95039.0
21096,User_21096,81183.0
21106,User_21106,55391.0
21110,User_21110,86710.0
21114,User_21114,51288.0
21116,User_21116,94004.0
21120,User_21120,71978.0
21126,User_21126,98295.0
21130,User_21130,50255.0
21136,User_21136,95708.0
21140,User_21140,84612.0
21144,User_21144,76141.0
21146,User_21146,77692.0
21148,User_21148,92382.0
21150,User_21150,93283.0
21152,User_21152,98304.0
21154,User_21154,52366.0
21158,User_21158,66572.0
21162,User_21162,67940.0
21164,User_21164,89698.0
21166,User_21166,67631.0
21168,User_21168,92966.0
21170,User_21170,69012.0
21174,User_21174,78079.0
21178,User_21178,79635.0
21182,User_21182,92556.0
21184,User_21184,94121.0
21186,User_21186,79110.0
21192,User_21192,54905.0
21194,User_21194,70347.0
21196,User_21196,80036.0
21198,User_21198,73980.0
21200,User_21200,99482.0
21206,User_21206,61041.0
21208,User_21208,59082.0
21212,User_21212,99181.0
21216,User_21216,75047.0
21218,User_21218,57585.0
21222,User_21222,66782.0
21224,User_21224,96051.0
21234,User_21234,54193.0
21240,User_21240,60426.0
21242,User_21242,50124.0
21256,User_21256,69240.0
21258,User_21258,92609.0
21260,User_21260,82402.0
21262,User_21262,57736.0
21264,User_21264,52219.0
21266,User_21266,84252.0
21270,User_21270,67893.0
21272,User_21272,69947.0
21278,User_21278,58231.0
21280,User_21280,83588.0
21282,User_21282,55324.0
21284,User_21284,75727.0
21286,User_21286,55886.0
21290,User_21290,95392.0
21292,User_21292,67395.0
21294,User_21294,53408.0
21302,User_21302,88831.0
21306,User_21306,91585.0
21310,User_21310,52344.0
21312,User_21312,76959.0
21318,User_21318,69139.0
21320,User_21320,90339.0
21324,User_21324,53699.0
21326,User_21326,79758.0
21332,User_21332,69983.0
21342,User_21342,94191.0
21344,User_21344,99905.0
21346,User_21346,78573.0
21348,User_21348,95127.0
21350,User_21350,88727.0
21352,User_21352,87204.0
21354,User_21354,61265.0
21356,User_21356,73346.0
21360,User_21360,80853.0
21362,User_21362,75530.0
21368,User_21368,79023.0
21372,User_21372,69385.0
21374,User_21374,90704.0
21376,User_21376,69603.0
21380,User_21380,51010.0
21392,User_21392,93468.0
21396,User_21396,80482.0
21402,User_21402,73493.0
21404,User_21404,69364.0
21406,User_21406,77159.0
21408,User_21408,82280.0
21410,User_21410,72413.0
21414,User_21414,63494.0
21420,User_21420,97196.0
21428,User_21428,66159.0
21430,User_21430,99444.0
21432,User_21432,63528.0
21434,User_21434,51982.0
21446,User_21446,59097.0
21450,User_21450,88255.0
21458,User_21458,50071.0
21462,User_21462,96388.0
21464,User_21464,69990.0
21472,User_21472,83021.0
21476,User_21476,97509.0
21478,User_21478,85227.0
21480,User_21480,54791.0
21482,User_21482,87810.0
21486,User_21486,66093.0
21490,User_21490,77291.0
21492,User_21492,96720.0
21494,User_21494,99659.0
21496,User_21496,88027.0
21498,User_21498,96917.0
21504,User_21504,70338.0
21506,User_21506,50825.0
21508,User_21508,86797.0
21512,User_21512,50415.0
21518,User_21518,80053.0
21520,User_21520,90168.0
21522,User_21522,61260.0
21526,User_21526,92947.0
21530,User_21530,71554.0
21532,User_21532,68902.0
21534,User_21534,84327.0
21540,User_21540,92568.0
21544,User_21544,88651.0
21548,User_21548,64556.0
21550,User_21550,81202.0
21560,User_21560,93003.0
21564,User_21564,54490.0
21574,User_21574,74553.0
21576,User_21576,56366.0
21582,User_21582,73093.0
21584,User_21584,64090.0
21592,User_21592,75477.0
21594,User_21594,88081.0
21596,User_21596,70360.0
21598,User_21598,84475.0
21602,User_21602,87453.0
21616,User_21616,74842.0
21618,User_21618,52068.0
21620,User_21620,84759.0
21622,User_21622,95166.0
21626,User_21626,97102.0
21628,User_21628,84644.0
21634,User_21634,96686.0
21638,User_21638,85993.0
21644,User_21644,68222.0
21646,User_21646,79166.0
21650,User_21650,85523.0
21658,User_21658,55788.0
21660,User_21660,87105.0
21664,User_21664,82631.0
21668,User_21668,90490.0
21670,User_21670,79909.0
21684,User_21684,67474.0
21688,User_21688,55686.0
21692,User_21692,90802.0
21694,User_21694,94118.0
21700,User_21700,51874.0
21704,User_21704,79059.0
21706,User_21706,92213.0
21718,User_21718,52544.0
21720,User_21720,59565.0
21724,User_21724,63627.0
21726,User_21726,71041.0
21730,User_21730,85171.0
21738,User_21738,69367.0
21740,User_21740,83498.0
21742,User_21742,63576.0
21744,User_21744,88058.0
21746,User_21746,86016.0
21752,User_21752,53037.0
21762,User_21762,59426.0
21764,User_21764,55869.0
21770,User_21770,66882.0
21772,User_21772,51413.0
21774,User_21774,61744.0
21776,User_21776,84536.0
21780,User_21780,98841.0
21782,User_21782,50388.0
21784,User_21784,90565.0
21792,User_21792,70028.0
21794,User_21794,83383.0
21796,User_21796,75686.0
21798,User_21798,72945.0
21800,User_21800,62903.0
21806,User_21806,55627.0
21808,User_21808,76403.0
21812,User_21812,71662.0
21822,User_21822,60996.0
21826,User_21826,55858.0
21830,User_21830,84509.0
21834,User_21834,54835.0
21836,User_21836,53304.0
21840,User_21840,53328.0
21846,User_21846,54068.0
21850,User_21850,69049.0
21852,User_21852,97105.0
21854,User_21854,73557.0
21856,User_21856,94688.0
21858,User_21858,88603.0
21860,User_21860,71778.0
21862,User_21862,71505.0
21868,User_21868,72606.0
21870,User_21870,98699.0
21874,User_21874,71262.0
21876,User_21876,70999.0
21878,User_21878,68886.0
21880,User_21880,94727.0
21882,User_21882,69565.0
21884,User_21884,69426.0
21888,User_21888,55864.0
21890,User_21890,56757.0
21892,User_21892,66326.0
21900,User_21900,74398.0
21904,User_21904,81115.0
21912,User_21912,73733.0
21914,User_21914,82929.0
21916,User_21916,55988.0
21918,User_21918,69129.0
21922,User_21922,67051.0
21924,User_21924,95340.0
21926,User_21926,87668.0
21928,User_21928,78698.0
21936,User_21936,77276.0
21938,User_21938,82864.0
21942,User_21942,69609.0
21944,User_21944,65335.0
21958,User_21958,98506.0
21964,User_21964,96976.0
21980,User_21980,83330.0
21982,User_21982,66281.0
21984,User_21984,66861.0
21986,User_21986,89830.0
21990,User_21990,80961.0
21992,User_21992,76184.0
21994,User_21994,53212.0
21998,User_21998,69361.0
22004,User_22004,99874.0
22006,User_22006,77106.0
22010,User_22010,53520.0
22022,User_22022,61285.0
22030,User_22030,53217.0
22036,User_22036,86656.0
22038,User_22038,87017.0
22040,User_22040,85503.0
22042,User_22042,52909.0
22044,User_22044,54919.0
22048,User_22048,84694.0
22056,User_22056,58147.0
22058,User_22058,99974.0
22060,User_22060,64709.0
22068,User_22068,69291.0
22070,User_22070,80973.0
22076,User_22076,78003.0
22078,User_22078,58111.0
22080,User_22080,59169.0
22084,User_22084,57691.0
22086,User_22086,57202.0
22090,User_22090,52097.0
22094,User_22094,65623.0
22096,User_22096,53995.0
22100,User_22100,84336.0
22102,User_22102,50166.0
22108,User_22108,62793.0
22116,User_22116,90940.0
22122,User_22122,53291.0
22124,User_22124,74758.0
22130,User_22130,52577.0
22132,User_22132,83744.0
22136,User_22136,93845.0
22138,User_22138,57337.0
22140,User_22140,81349.0
22142,User_22142,82857.0
22144,User_22144,97533.0
22146,User_22146,99497.0
22150,User_22150,60657.0
22160,User_22160,80255.0
22162,User_22162,98954.0
22164,User_22164,80924.0
22168,User_22168,92415.0
22172,User_22172,94317.0
22176,User_22176,51600.0
22180,User_22180,65737.0
22182,User_22182,72723.0
22184,User_22184,94149.0
22186,User_22186,81574.0
22188,User_22188,83923.0
22198,User_22198,58384.0
22200,User_22200,75972.0
22204,User_22204,76475.0
22210,User_22210,99122.0
22212,User_22212,96446.0
22218,User_22218,54649.0
22220,User_22220,62513.0
22224,User_22224,91419.0
22236,User_22236,92587.0
22240,User_22240,60220.0
22242,User_22242,94183.0
22244,User_22244,92865.0
22248,User_22248,54669.0
22250,User_22250,69172.0
22260,User_22260,61813.0
22264,User_22264,64973.0
22266,User_22266,69093.0
22272,User_22272,54579.0
22274,User_22274,79675.0
22276,User_22276,53852.0
22278,User_22278,87729.0
22280,User_22280,83927.0
22282,User_22282,78109.0
22284,User_22284,74539.0
22286,User_22286,80757.0
22300,User_22300,54759.0
22308,User_22308,74104.0
22314,User_22314,78729.0
22316,User_22316,98424.0
22318,User_22318,70186.0
22320,User_22320,79004.0
22322,User_22322,76951.0
22324,User_22324,58299.0
22328,User_22328,73862.0
22330,User_22330,56550.0
22332,User_22332,90519.0
22336,User_22336,90025.0
22346,User_22346,93290.0
22348,User_22348,53698.0
22350,User_22350,79925.0
22352,User_22352,73069.0
22356,User_22356,78066.0
22360,User_22360,75116.0
22362,User_22362,52216.0
22366,User_22366,93003.0
22368,User_22368,73726.0
22370,User_22370,87673.0
22376,User_22376,77583.0
22382,User_22382,59553.0
22390,User_22390,75156.0
22394,User_22394,53248.0
22396,User_22396,77839.0
22400,User_22400,93211.0
22402,User_22402,86391.0
22410,User_22410,95706.0
22420,User_22420,62768.0
22424,User_22424,91754.0
22426,User_22426,96260.0
22432,User_22432,54843.0
22434,User_22434,51201.0
22450,User_22450,56897.0
22456,User_22456,66560.0
22458,User_22458,90492.0
22460,User_22460,64223.0
22462,User_22462,67114.0
22470,User_22470,95930.0
22474,User_22474,65781.0
22476,User_22476,68064.0
22482,User_22482,78389.0
22488,User_22488,69595.0
22492,User_22492,93200.0
22494,User_22494,53473.0
22496,User_22496,96973.0
22498,User_22498,90055.0
22500,User_22500,59786.0
22510,User_22510,98133.0
22512,User_22512,85098.0
22514,User_22514,59290.0
22516,User_22516,79096.0
22518,User_22518,73212.0
22526,User_22526,88992.0
22538,User_22538,91306.0
22558,User_22558,70967.0
22562,User_22562,76956.0
22568,User_22568,50671.0
22574,User_22574,83244.0
22576,User_22576,63748.0
22578,User_22578,98748.0
22584,User_22584,88349.0
22588,User_22588,70883.0
22590,User_22590,60703.0
22592,User_22592,93187.0
22596,User_22596,96001.0
22598,User_22598,83981.0
22606,User_22606,89421.0
22608,User_22608,83794.0
22610,User_22610,50186.0
22612,User_22612,93489.0
22614,User_22614,94744.0
22624,User_22624,98841.0
22630,User_22630,57482.0
22632,User_22632,91678.0
22638,User_22638,59924.0
22640,User_22640,81588.0
22642,User_22642,62202.0
22644,User_22644,56525.0
22646,User_22646,93971.0
22650,User_22650,70517.0
22652,User_22652,53833.0
22664,User_22664,58207.0
22668,User_22668,57168.0
22670,User_22670,70253.0
22676,User_22676,59699.0
22678,User_22678,90890.0
22682,User_22682,77273.0
22686,User_22686,60745.0
22688,User_22688,95813.0
22690,User_22690,89720.0
22692,User_22692,68913.0
22696,User_22696,82673.0
22700,User_22700,89275.0
22702,User_22702,54915.0
22708,User_22708,73346.0
22710,User_22710,68107.0
22712,User_22712,63316.0
22714,User_22714,61222.0
22722,User_22722,63298.0
22724,User_22724,87175.0
22732,User_22732,82210.0
22744,User_22744,51298.0
22746,User_22746,88471.0
22748,User_22748,94050.0
22750,User_22750,53666.0
22752,User_22752,91107.0
22756,User_22756,96009.0
22762,User_22762,93200.0
22766,User_22766,50400.0
22770,User_22770,75604.0
22784,User_22784,58787.0
22788,User_22788,53934.0
22796,User_22796,52403.0
22798,User_22798,82630.0
22802,User_22802,62648.0
22806,User_22806,78802.0
22812,User_22812,77757.0
22820,User_22820,92673.0
22824,User_22824,65573.0
22826,User_22826,52457.0
22830,User_22830,87889.0
22832,User_22832,78396.0
22838,User_22838,55495.0
22844,User_22844,93813.0
22848,User_22848,63806.0
22850,User_22850,68494.0
22852,User_22852,61639.0
22854,User_22854,81522.0
22858,User_22858,73786.0
22860,User_22860,58443.0
22862,User_22862,88401.0
22866,User_22866,91715.0
22868,User_22868,92056.0
22876,User_22876,72750.0
22878,User_22878,69505.0
22880,User_22880,77051.0
22886,User_22886,68828.0
22890,User_22890,58027.0
22892,User_22892,86555.0
22898,User_22898,88584.0
22900,User_22900,84360.0
22902,User_22902,80739.0
22906,User_22906,83384.0
22918,User_22918,74374.0
22920,User_22920,81990.0
22922,User_22922,78025.0
22924,User_22924,96641.0
22926,User_22926,95350.0
22930,User_22930,63440.0
22936,User_22936,53112.0
22938,User_22938,79733.0
22942,User_22942,75750.0
22944,User_22944,54729.0
22950,User_22950,77805.0
22962,User_22962,82433.0
22968,User_22968,91817.0
22976,User_22976,92973.0
22980,User_22980,51402.0
22984,User_22984,85021.0
22986,User_22986,69782.0
22988,User_22988,91916.0
23000,User_23000,78298.0
23006,User_23006,71551.0
23008,User_23008,66011.0
23012,User_23012,53074.0
23014,User_23014,93495.0
23018,User_23018,91110.0
23020,User_23020,59933.0
23026,User_23026,89706.0
23028,User_23028,74261.0
23030,User_23030,72572.0
23036,User_23036,88182.0
23042,User_23042,79269.0
23044,User_23044,74842.0
23046,User_23046,78155.0
23054,User_23054,71773.0
23056,User_23056,79549.0
23060,User_23060,71450.0
23064,User_23064,52188.0
23070,User_23070,90458.0
23082,User_23082,79433.0
23084,User_23084,51619.0
23086,User_23086,81372.0
23092,User_23092,96322.0
23094,User_23094,85854.0
23098,User_23098,79609.0
23100,User_23100,76962.0
23102,User_23102,65318.0
23106,User_23106,50966.0
23108,User_23108,82675.0
23110,User_23110,70323.0
23112,User_23112,54951.0
23114,User_23114,94005.0
23116,User_23116,68239.0
23118,User_23118,57993.0
23120,User_23120,69005.0
23122,User_23122,59243.0
23124,User_23124,79605.0
23126,User_23126,61789.0
23132,User_23132,58172.0
23134,User_23134,75872.0
23136,User_23136,88750.0
23138,User_23138,91475.0
23146,User_23146,67023.0
23150,User_23150,50857.0
23152,User_23152,67466.0
23158,User_23158,83871.0
23160,User_23160,50197.0
23172,User_23172,51118.0
23176,User_23176,85441.0
23180,User_23180,80599.0
23186,User_23186,55121.0
23190,User_23190,97741.0
23192,User_23192,78391.0
23194,User_23194,80020.0
23196,User_23196,58151.0
23198,User_23198,84795.0
23200,User_23200,65052.0
23204,User_23204,84892.0
23208,User_23208,92114.0
23212,User_23212,86940.0
23222,User_23222,57572.0
23226,User_23226,79459.0
23230,User_23230,93493.0
23232,User_23232,60135.0
23234,User_23234,90404.0
23238,User_23238,74944.0
23240,User_23240,80889.0
23242,User_23242,60470.0
23250,User_23250,94998.0
23252,User_23252,88213.0
23260,User_23260,67796.0
23264,User_23264,92863.0
23270,User_23270,54577.0
23274,User_23274,87524.0
23280,User_23280,51976.0
23284,User_23284,53898.0
23286,User_23286,88363.0
23288,User_23288,88898.0
23298,User_23298,98299.0
23300,User_23300,94335.0
23302,User_23302,78288.0
23306,User_23306,75775.0
23308,User_23308,57582.0
23312,User_23312,75637.0
23324,User_23324,65876.0
23326,User_23326,54609.0
23330,User_23330,67282.0
23332,User_23332,93497.0
23334,User_23334,91087.0
23338,User_23338,58612.0
23342,User_23342,91727.0
23346,User_23346,84059.0
23348,User_23348,74552.0
23350,User_23350,74761.0
23354,User_23354,73857.0
23356,User_23356,79580.0
23358,User_23358,88280.0
23366,User_23366,97487.0
23368,User_23368,64958.0
23374,User_23374,86989.0
23376,User_23376,70503.0
23378,User_23378,90689.0
23384,User_23384,95398.0
23388,User_23388,88813.0
23390,User_23390,62532.0
23394,User_23394,80783.0
23398,User_23398,72806.0
23408,User_23408,70918.0
23410,User_23410,51356.0
23412,User_23412,60036.0
23416,User_23416,70453.0
23418,User_23418,94712.0
23420,User_23420,54386.0
23422,User_23422,97488.0
23430,User_23430,72495.0
23434,User_23434,65598.0
23436,User_23436,70247.0
23438,User_23438,72835.0
23440,User_23440,56995.0
23442,User_23442,52013.0
23444,User_23444,56201.0
23448,User_23448,54850.0
23450,User_23450,90624.0
23452,User_23452,81464.0
23460,User_23460,90683.0
23462,User_23462,85327.0
23464,User_23464,76104.0
23466,User_23466,67336.0
23472,User_23472,84084.0
23478,User_23478,85441.0
23480,User_23480,65031.0
23482,User_23482,72714.0
23486,User_23486,98071.0
23490,User_23490,92902.0
23494,User_23494,62469.0
23500,User_23500,88467.0
23502,User_23502,66769.0
23504,User_23504,67909.0
23506,User_23506,92476.0
23516,User_23516,80666.0
23518,User_23518,51647.0
23520,User_23520,73857.0
23524,User_23524,52388.0
23528,User_23528,86314.0
23530,User_23530,65515.0
23532,User_23532,87995.0
23534,User_23534,86084.0
23540,User_23540,67770.0
23546,User_23546,62023.0
23548,User_23548,82136.0
23550,User_23550,86018.0
23552,User_23552,99744.0
23556,User_23556,74355.0
23562,User_23562,99351.0
23570,User_23570,85130.0
23572,User_23572,66556.0
23578,User_23578,56007.0
23580,User_23580,79185.0
23590,User_23590,78975.0
23596,User_23596,66856.0
23598,User_23598,57935.0
23612,User_23612,83949.0
23616,User_23616,85737.0
23618,User_23618,89880.0
23620,User_23620,58927.0
23624,User_23624,99127.0
23628,User_23628,71043.0
23632,User_23632,89427.0
23634,User_23634,81997.0
23646,User_23646,97881.0
23648,User_23648,52661.0
23656,User_23656,85305.0
23660,User_23660,52097.0
23662,User_23662,67385.0
23672,User_23672,92835.0
23676,User_23676,89514.0
23678,User_23678,68363.0
23684,User_23684,77376.0
23690,User_23690,59941.0
23692,User_23692,59524.0
23694,User_23694,54253.0
23696,User_23696,96227.0
23698,User_23698,76757.0
23704,User_23704,69293.0
23708,User_23708,67864.0
23718,User_23718,91944.0
23724,User_23724,97287.0
23726,User_23726,88629.0
23728,User_23728,86709.0
23730,User_23730,76909.0
23734,User_23734,96046.0
23736,User_23736,65912.0
23738,User_23738,50797.0
23746,User_23746,99399.0
23754,User_23754,67047.0
23764,User_23764,91281.0
23772,User_23772,96972.0
23774,User_23774,75216.0
23782,User_23782,59746.0
23786,User_23786,90485.0
23790,User_23790,50825.0
23796,User_23796,55873.0
23798,User_23798,67847.0
23800,User_23800,89448.0
23802,User_23802,61868.0
23804,User_23804,55262.0
23814,User_23814,74790.0
23822,User_23822,60023.0
23828,User_23828,51043.0
23832,User_23832,91587.0
23840,User_23840,74539.0
23844,User_23844,75684.0
23846,User_23846,69780.0
23848,User_23848,97555.0
23854,User_23854,70241.0
23856,User_23856,74994.0
23864,User_23864,99384.0
23866,User_23866,67747.0
23870,User_23870,96035.0
23876,User_23876,52095.0
23880,User_23880,59545.0
23884,User_23884,86045.0
23886,User_23886,59038.0
23890,User_23890,75907.0
23894,User_23894,70171.0
23898,User_23898,54152.0
23904,User_23904,84865.0
23906,User_23906,66907.0
23908,User_23908,62804.0
23914,User_23914,81547.0
23916,User_23916,65434.0
23920,User_23920,86064.0
23922,User_23922,78799.0
23928,User_23928,69723.0
23930,User_23930,70225.0
23932,User_23932,90950.0
23934,User_23934,98232.0
23938,User_23938,50020.0
23944,User_23944,93250.0
23946,User_23946,94104.0
23948,User_23948,50829.0
23956,User_23956,96641.0
23958,User_23958,57960.0
23960,User_23960,58199.0
23964,User_23964,73315.0
23966,User_23966,51402.0
23968,User_23968,96596.0
23972,User_23972,91125.0
23976,User_23976,56944.0
23982,User_23982,50153.0
23984,User_23984,97395.0
23988,User_23988,50534.0
23992,User_23992,76865.0
23998,User_23998,73511.0
24008,User_24008,94486.0
24010,User_24010,77477.0
24022,User_24022,56462.0
24026,User_24026,63494.0
24030,User_24030,83678.0
24038,User_24038,86462.0
24050,User_24050,68028.0
24052,User_24052,65745.0
24058,User_24058,93180.0
24062,User_24062,51692.0
24066,User_24066,56523.0
24068,User_24068,89654.0
24072,User_24072,94328.0
24076,User_24076,75340.0
24080,User_24080,86474.0
24082,User_24082,81478.0
24084,User_24084,93855.0
24092,User_24092,77108.0
24100,User_24100,57396.0
24102,User_24102,87646.0
24106,User_24106,56484.0
24112,User_24112,51891.0
24114,User_24114,73482.0
24116,User_24116,87886.0
24118,User_24118,83133.0
24122,User_24122,52112.0
24126,User_24126,87064.0
24130,User_24130,53805.0
24150,User_24150,56666.0
24152,User_24152,85518.0
24156,User_24156,98830.0
24158,User_24158,82764.0
24164,User_24164,57820.0
24168,User_24168,70599.0
24172,User_24172,60120.0
24174,User_24174,64709.0
24178,User_24178,57410.0
24184,User_24184,85419.0
24186,User_24186,85705.0
24190,User_24190,97193.0
24192,User_24192,79957.0
24194,User_24194,74752.0
24202,User_24202,81895.0
24210,User_24210,72856.0
24224,User_24224,85096.0
24228,User_24228,78095.0
24232,User_24232,59935.0
24234,User_24234,80655.0
24236,User_24236,51466.0
24238,User_24238,61246.0
24240,User_24240,81273.0
24244,User_24244,77899.0
24248,User_24248,51808.0
24254,User_24254,94967.0
24264,User_24264,58028.0
24270,User_24270,90826.0
24272,User_24272,61223.0
24274,User_24274,78360.0
24276,User_24276,76560.0
24278,User_24278,89588.0
24282,User_24282,50069.0
24284,User_24284,52737.0
24292,User_24292,84950.0
24294,User_24294,87876.0
24298,User_24298,87616.0
24310,User_24310,51693.0
24318,User_24318,61737.0
24320,User_24320,97807.0
24324,User_24324,65713.0
24326,User_24326,91135.0
24328,User_24328,94027.0
24330,User_24330,55817.0
24334,User_24334,69487.0
24338,User_24338,89754.0
24342,User_24342,72702.0
24346,User_24346,72440.0
24350,User_24350,95816.0
24358,User_24358,86498.0
24360,User_24360,61051.0
24362,User_24362,92408.0
24374,User_24374,63825.0
24378,User_24378,86018.0
24382,User_24382,92437.0
24384,User_24384,71068.0
24386,User_24386,68888.0
24388,User_24388,60925.0
24392,User_24392,69492.0
24396,User_24396,69534.0
24398,User_24398,68968.0
24408,User_24408,99548.0
24410,User_24410,57825.0
24414,User_24414,55338.0
24418,User_24418,55578.0
24420,User_24420,63070.0
24422,User_24422,51760.0
24426,User_24426,87332.0
24428,User_24428,55763.0
24430,User_24430,72102.0
24434,User_24434,66422.0
24436,User_24436,82251.0
24438,User_24438,62732.0
24440,User_24440,56787.0
24442,User_24442,57842.0
24446,User_24446,83368.0
24448,User_24448,59469.0
24450,User_24450,62761.0
24454,User_24454,74206.0
24460,User_24460,71783.0
24462,User_24462,75196.0
24470,User_24470,58099.0
24476,User_24476,73901.0
24478,User_24478,66565.0
24484,User_24484,90865.0
24490,User_24490,83819.0
24492,User_24492,58070.0
24494,User_24494,94358.0
24496,User_24496,88526.0
24504,User_24504,81151.0
24506,User_24506,88070.0
24508,User_24508,66216.0
24522,User_24522,87897.0
24528,User_24528,59524.0
24530,User_24530,95128.0
24538,User_24538,90000.0
24540,User_24540,72787.0
24542,User_24542,55085.0
24544,User_24544,81882.0
24546,User_24546,95568.0
24548,User_24548,73265.0
24550,User_24550,69608.0
24552,User_24552,99411.0
24554,User_24554,75050.0
24558,User_24558,73142.0
24562,User_24562,61400.0
24566,User_24566,93895.0
24568,User_24568,95172.0
24570,User_24570,82686.0
24572,User_24572,77711.0
24576,User_24576,59199.0
24582,User_24582,96756.0
24586,User_24586,76109.0
24592,User_24592,99883.0
24594,User_24594,72159.0
24596,User_24596,67615.0
24598,User_24598,87429.0
24602,User_24602,56743.0
24608,User_24608,60954.0
24610,User_24610,62019.0
24616,User_24616,61265.0
24620,User_24620,91451.0
24632,User_24632,79028.0
24634,User_24634,65091.0
24636,User_24636,74810.0
24640,User_24640,78125.0
24642,User_24642,99635.0
24644,User_24644,55465.0
24646,User_24646,75111.0
24650,User_24650,89993.0
24658,User_24658,86948.0
24668,User_24668,56910.0
24670,User_24670,62834.0
24674,User_24674,82348.0
24676,User_24676,92563.0
24680,User_24680,70938.0
24692,User_24692,59719.0
24702,User_24702,92831.0
24706,User_24706,75967.0
24716,User_24716,81518.0
24718,User_24718,63675.0
24720,User_24720,56993.0
24722,User_24722,64205.0
24724,User_24724,83684.0
24728,User_24728,90160.0
24732,User_24732,56963.0
24736,User_24736,75010.0
24744,User_24744,84698.0
24746,User_24746,95258.0
24756,User_24756,98468.0
24762,User_24762,74473.0
24764,User_24764,54425.0
24766,User_24766,80834.0
24770,User_24770,85043.0
24774,User_24774,90272.0
24780,User_24780,98036.0
24794,User_24794,58528.0
24796,User_24796,54612.0
24798,User_24798,54679.0
24802,User_24802,73753.0
24804,User_24804,58672.0
24806,User_24806,86744.0
24810,User_24810,80448.0
24812,User_24812,63551.0
24816,User_24816,89238.0
24822,User_24822,66970.0
24824,User_24824,82792.0
24826,User_24826,60652.0
24832,User_24832,97632.0
24836,User_24836,53013.0
24848,User_24848,96029.0
24850,User_24850,89476.0
24856,User_24856,91764.0
24872,User_24872,55247.0
24874,User_24874,94913.0
24876,User_24876,60241.0
24880,User_24880,85587.0
24886,User_24886,85164.0
24888,User_24888,52706.0
24894,User_24894,76376.0
24896,User_24896,89632.0
24900,User_24900,70487.0
24904,User_24904,73499.0
24906,User_24906,68934.0
24908,User_24908,62669.0
24916,User_24916,80675.0
24918,User_24918,84497.0
24920,User_24920,53600.0
24922,User_24922,82412.0
24930,User_24930,57593.0
24932,User_24932,53489.0
24934,User_24934,72620.0
24942,User_24942,98252.0
24946,User_24946,62072.0
24952,User_24952,73198.0
24954,User_24954,70141.0
24958,User_24958,67568.0
24960,User_24960,89076.0
24962,User_24962,99369.0
24964,User_24964,98243.0
24972,User_24972,84417.0
24976,User_24976,81337.0
24978,User_24978,53252.0
24980,User_24980,65649.0
24984,User_24984,59056.0
25000,User_25000,66529.0
25002,User_25002,50766.0
25010,User_25010,72273.0
25012,User_25012,61613.0
25014,User_25014,92485.0
25016,User_25016,92018.0
25020,User_25020,80871.0
25022,User_25022,88958.0
25024,User_25024,70066.0
25028,User_25028,57577.0
25032,User_25032,71659.0
25036,User_25036,94684.0
25040,User_25040,99411.0
25042,User_25042,89175.0
25044,User_25044,84646.0
25046,User_25046,95501.0
25048,User_25048,65289.0
25056,User_25056,72296.0
25062,User_25062,51477.0
25084,User_25084,52329.0
25086,User_25086,54593.0
25090,User_25090,96182.0
25092,User_25092,67887.0
25094,User_25094,92696.0
25098,User_25098,98090.0
25102,User_25102,77341.0
25104,User_25104,85005.0
25108,User_25108,76640.0
25116,User_25116,58031.0
25118,User_25118,79091.0
25120,User_25120,96085.0
25128,User_25128,79676.0
25134,User_25134,55241.0
25136,User_25136,57727.0
25140,User_25140,76877.0
25142,User_25142,75660.0
25146,User_25146,86267.0
25158,User_25158,83663.0
25160,User_25160,90363.0
25162,User_25162,77987.0
25164,User_25164,53132.0
25168,User_25168,86504.0
25172,User_25172,76933.0
25174,User_25174,79544.0
25178,User_25178,80600.0
25182,User_25182,62153.0
25184,User_25184,79864.0
25186,User_25186,94306.0
25188,User_25188,77853.0
25192,User_25192,56323.0
25200,User_25200,91279.0
25206,User_25206,91753.0
25208,User_25208,89818.0
25212,User_25212,58231.0
25214,User_25214,75384.0
25216,User_25216,52172.0
25218,User_25218,93697.0
25220,User_25220,81190.0
25232,User_25232,66002.0
25234,User_25234,69614.0
25236,User_25236,85276.0
25238,User_25238,87580.0
25240,User_25240,65891.0
25242,User_25242,69428.0
25248,User_25248,87145.0
25252,User_25252,96381.0
25254,User_25254,69918.0
25256,User_25256,96878.0
25258,User_25258,60281.0
25266,User_25266,66057.0
25268,User_25268,69457.0
25276,User_25276,87344.0
25278,User_25278,50763.0
25282,User_25282,66096.0
25284,User_25284,63182.0
25288,User_25288,59222.0
25292,User_25292,55300.0
25296,User_25296,92840.0
25298,User_25298,94138.0
25300,User_25300,79878.0
25302,User_25302,82842.0
25304,User_25304,86246.0
25308,User_25308,74116.0
25320,User_25320,63212.0
25324,User_25324,86265.0
25328,User_25328,70327.0
25332,User_25332,55888.0
25334,User_25334,73569.0
25336,User_25336,50958.0
25338,User_25338,94562.0
25346,User_25346,95866.0
25350,User_25350,72946.0
25352,User_25352,87221.0
25360,User_25360,69788.0
25370,User_25370,83653.0
25374,User_25374,96860.0
25376,User_25376,59590.0
25378,User_25378,68131.0
25380,User_25380,55605.0
25382,User_25382,73512.0
25390,User_25390,88783.0
25392,User_25392,76481.0
25394,User_25394,57709.0
25396,User_25396,53028.0
25398,User_25398,77246.0
25406,User_25406,96923.0
25410,User_25410,65172.0
25412,User_25412,69685.0
25414,User_25414,69683.0
25416,User_25416,55864.0
25420,User_25420,82646.0
25424,User_25424,63127.0
25426,User_25426,70315.0
25432,User_25432,59360.0
25434,User_25434,91800.0
25436,User_25436,99367.0
25446,User_25446,85731.0
25448,User_25448,90994.0
25450,User_25450,87315.0
25452,User_25452,74194.0
25454,User_25454,83768.0
25456,User_25456,86564.0
25458,User_25458,78014.0
25462,User_25462,83585.0
25464,User_25464,91321.0
25468,User_25468,50557.0
25470,User_25470,62059.0
25478,User_25478,79561.0
25480,User_25480,97548.0
25484,User_25484,55388.0
25486,User_25486,84703.0
25492,User_25492,65675.0
25494,User_25494,94798.0
25496,User_25496,76932.0
25498,User_25498,64698.0
25502,User_25502,74546.0
25504,User_25504,98112.0
25508,User_25508,98630.0
25510,User_25510,73332.0
25512,User_25512,93156.0
25514,User_25514,75886.0
25516,User_25516,58114.0
25518,User_25518,57726.0
25520,User_25520,55939.0
25524,User_25524,92504.0
25526,User_25526,53937.0
25530,User_25530,82730.0
25532,User_25532,66049.0
25534,User_25534,64502.0
25536,User_25536,74470.0
25538,User_25538,83132.0
25542,User_25542,87908.0
25544,User_25544,80132.0
25546,User_25546,97108.0
25548,User_25548,63265.0
25552,User_25552,82972.0
25554,User_25554,91048.0
25560,User_25560,52195.0
25564,User_25564,55567.0
25566,User_25566,68669.0
25568,User_25568,66129.0
25570,User_25570,72177.0
25580,User_25580,74304.0
25582,User_25582,63842.0
25584,User_25584,53113.0
25596,User_25596,65759.0
25598,User_25598,52302.0
25600,User_25600,60626.0
25602,User_25602,99630.0
25604,User_25604,63439.0
25612,User_25612,69581.0
25618,User_25618,57968.0
25622,User_25622,92095.0
25624,User_25624,70390.0
25626,User_25626,87913.0
25632,User_25632,96516.0
25636,User_25636,65576.0
25638,User_25638,91642.0
25640,User_25640,62265.0
25644,User_25644,56986.0
25648,User_25648,94764.0
25650,User_25650,88106.0
25652,User_25652,51823.0
25654,User_25654,52141.0
25656,User_25656,89914.0
25658,User_25658,51584.0
25660,User_25660,88461.0
25662,User_25662,53713.0
25664,User_25664,51524.0
25666,User_25666,93321.0
25668,User_25668,63520.0
25674,User_25674,67719.0
25676,User_25676,87012.0
25682,User_25682,73513.0
25684,User_25684,56139.0
25686,User_25686,71113.0
25688,User_25688,86013.0
25694,User_25694,51874.0
25696,User_25696,63240.0
25698,User_25698,78331.0
25700,User_25700,65265.0
25704,User_25704,97930.0
25706,User_25706,56951.0
25710,User_25710,90342.0
25714,User_25714,93087.0
25716,User_25716,84729.0
25722,User_25722,82613.0
25726,User_25726,66812.0
25728,User_25728,68651.0
25730,User_25730,61496.0
25734,User_25734,94853.0
25736,User_25736,62703.0
25738,User_25738,50625.0
25746,User_25746,56996.0
25748,User_25748,51643.0
25754,User_25754,77430.0
25760,User_25760,65713.0
25762,User_25762,52048.0
25768,User_25768,90739.0
25776,User_25776,65013.0
25778,User_25778,71372.0
25780,User_25780,56135.0
25784,User_25784,81781.0
25786,User_25786,59160.0
25790,User_25790,74968.0
25796,User_25796,90110.0
25798,User_25798,97195.0
25802,User_25802,63234.0
25810,User_25810,75544.0
25814,User_25814,88163.0
25820,User_25820,52473.0
25824,User_25824,78759.0
25826,User_25826,76454.0
25830,User_25830,65820.0
25832,User_25832,67550.0
25840,User_25840,86250.0
25842,User_25842,54570.0
25844,User_25844,90086.0
25846,User_25846,76503.0
25850,User_25850,90823.0
25854,User_25854,98454.0
25856,User_25856,58437.0
25858,User_25858,76598.0
25870,User_25870,92325.0
25872,User_25872,94882.0
25874,User_25874,70047.0
25876,User_25876,51615.0
25878,User_25878,61242.0
25880,User_25880,87562.0
25882,User_25882,56982.0
25886,User_25886,87175.0
25890,User_25890,75805.0
25894,User_25894,85663.0
25898,User_25898,67332.0
25900,User_25900,84783.0
25902,User_25902,74917.0
25904,User_25904,89704.0
25906,User_25906,93124.0
25920,User_25920,85502.0
25926,User_25926,99291.0
25934,User_25934,73135.0
25936,User_25936,58596.0
25938,User_25938,69462.0
25940,User_25940,50807.0
25946,User_25946,69597.0
25948,User_25948,98122.0
25952,User_25952,63883.0
25956,User_25956,91544.0
25958,User_25958,97263.0
25960,User_25960,55231.0
25962,User_25962,77860.0
25964,User_25964,74532.0
25966,User_25966,99183.0
25970,User_25970,65315.0
25974,User_25974,83289.0
25978,User_25978,70875.0
25980,User_25980,90054.0
25984,User_25984,94910.0
25986,User_25986,95843.0
25988,User_25988,81616.0
25992,User_25992,62882.0
25994,User_25994,85633.0
25996,User_25996,70955.0
25998,User_25998,79584.0
26006,User_26006,55935.0
26012,User_26012,70882.0
26016,User_26016,98488.0
26020,User_26020,80662.0
26022,User_26022,94736.0
26024,User_26024,55886.0
26026,User_26026,63339.0
26030,User_26030,59634.0
26032,User_26032,82279.0
26034,User_26034,86712.0
26036,User_26036,93520.0
26038,User_26038,58388.0
26042,User_26042,95148.0
26044,User_26044,61018.0
26048,User_26048,54163.0
26050,User_26050,96305.0
26054,User_26054,96187.0
26056,User_26056,69420.0
26058,User_26058,54411.0
26060,User_26060,83566.0
26062,User_26062,61923.0
26068,User_26068,71507.0
26074,User_26074,84569.0
26078,User_26078,51126.0
26080,User_26080,51464.0
26090,User_26090,63091.0
26092,User_26092,75707.0
26100,User_26100,78293.0
26102,User_26102,88803.0
26104,User_26104,65055.0
26106,User_26106,69048.0
26108,User_26108,93764.0
26116,User_26116,96045.0
26120,User_26120,95700.0
26124,User_26124,78673.0
26126,User_26126,87308.0
26128,User_26128,83895.0
26130,User_26130,52285.0
26138,User_26138,68672.0
26142,User_26142,99349.0
26144,User_26144,56462.0
26146,User_26146,73070.0
26148,User_26148,86619.0
26152,User_26152,92445.0
26154,User_26154,99785.0
26160,User_26160,93440.0
26162,User_26162,56657.0
26168,User_26168,68874.0
26170,User_26170,76888.0
26172,User_26172,78080.0
26174,User_26174,63428.0
26176,User_26176,80187.0
26182,User_26182,68355.0
26184,User_26184,69192.0
26188,User_26188,66574.0
26194,User_26194,63450.0
26200,User_26200,90659.0
26202,User_26202,91126.0
26208,User_26208,51735.0
26210,User_26210,77856.0
26222,User_26222,70173.0
26224,User_26224,77520.0
26226,User_26226,65372.0
26230,User_26230,91771.0
26238,User_26238,85538.0
26248,User_26248,52536.0
26254,User_26254,50511.0
26256,User_26256,60273.0
26258,User_26258,92514.0
26260,User_26260,76169.0
26264,User_26264,91382.0
26266,User_26266,64028.0
26270,User_26270,74835.0
26272,User_26272,95864.0
26276,User_26276,72686.0
26282,User_26282,57600.0
26286,User_26286,75435.0
26288,User_26288,95367.0
26290,User_26290,99895.0
26292,User_26292,62878.0
26308,User_26308,51744.0
26312,User_26312,99296.0
26318,User_26318,79965.0
26322,User_26322,66188.0
26326,User_26326,62474.0
26328,User_26328,76311.0
26330,User_26330,51429.0
26336,User_26336,64129.0
26338,User_26338,50015.0
26342,User_26342,87480.0
26346,User_26346,85089.0
26350,User_26350,91721.0
26352,User_26352,66846.0
26354,User_26354,67319.0
26356,User_26356,64294.0
26364,User_26364,57221.0
26368,User_26368,74309.0
26394,User_26394,74198.0
26396,User_26396,68437.0
26402,User_26402,55604.0
26410,User_26410,83857.0
26416,User_26416,87196.0
26418,User_26418,66512.0
26420,User_26420,59074.0
26424,User_26424,70021.0
26430,User_26430,71998.0
26432,User_26432,85268.0
26440,User_26440,87878.0
26444,User_26444,83928.0
26448,User_26448,97040.0
26454,User_26454,80229.0
26462,User_26462,86751.0
26464,User_26464,54394.0
26468,User_26468,97079.0
26470,User_26470,96362.0
26474,User_26474,66413.0
26476,User_26476,52859.0
26480,User_26480,82039.0
26482,User_26482,84537.0
26486,User_26486,61753.0
26494,User_26494,91834.0
26514,User_26514,56264.0
26518,User_26518,58890.0
26526,User_26526,54824.0
26530,User_26530,69483.0
26532,User_26532,74255.0
26536,User_26536,71027.0
26540,User_26540,67725.0
26542,User_26542,61879.0
26550,User_26550,71630.0
26552,User_26552,55273.0
26556,User_26556,75891.0
26558,User_26558,66130.0
26560,User_26560,97816.0
26566,User_26566,73167.0
26568,User_26568,63881.0
26576,User_26576,51004.0
26582,User_26582,71437.0
26594,User_26594,51165.0
26600,User_26600,98076.0
26602,User_26602,85467.0
26606,User_26606,54758.0
26610,User_26610,80762.0
26614,User_26614,84927.0
26616,User_26616,80906.0
26620,User_26620,97849.0
26626,User_26626,52931.0
26632,User_26632,79920.0
26634,User_26634,92059.0
26636,User_26636,57326.0
26638,User_26638,84934.0
26640,User_26640,84033.0
26642,User_26642,83542.0
26644,User_26644,91151.0
26648,User_26648,73512.0
26652,User_26652,88411.0
26654,User_26654,60876.0
26656,User_26656,82720.0
26662,User_26662,79306.0
26666,User_26666,50979.0
26668,User_26668,76506.0
26670,User_26670,83214.0
26678,User_26678,75227.0
26680,User_26680,68395.0
26682,User_26682,51801.0
26684,User_26684,71262.0
26692,User_26692,67477.0
26696,User_26696,88384.0
26700,User_26700,70443.0
26704,User_26704,97304.0
26708,User_26708,57403.0
26720,User_26720,84913.0
26722,User_26722,57443.0
26724,User_26724,94829.0
26726,User_26726,78587.0
26728,User_26728,75755.0
26730,User_26730,62817.0
26732,User_26732,76017.0
26734,User_26734,56920.0
26736,User_26736,66760.0
26740,User_26740,92542.0
26750,User_26750,97003.0
26756,User_26756,89605.0
26758,User_26758,54222.0
26762,User_26762,93098.0
26766,User_26766,56319.0
26770,User_26770,58783.0
26774,User_26774,86312.0
26776,User_26776,60830.0
26782,User_26782,70578.0
26794,User_26794,91862.0
26798,User_26798,51754.0
26800,User_26800,97270.0
26804,User_26804,55856.0
26806,User_26806,82408.0
26810,User_26810,63448.0
26820,User_26820,94630.0
26824,User_26824,71120.0
26834,User_26834,78543.0
26838,User_26838,61915.0
26840,User_26840,74249.0
26842,User_26842,64499.0
26846,User_26846,79562.0
26848,User_26848,60492.0
26856,User_26856,64451.0
26858,User_26858,92453.0
26862,User_26862,80562.0
26866,User_26866,52207.0
26870,User_26870,83302.0
26872,User_26872,89903.0
26874,User_26874,71578.0
26882,User_26882,66023.0
26884,User_26884,83018.0
26888,User_26888,67003.0
26896,User_26896,72947.0
26898,User_26898,75155.0
26900,User_26900,65553.0
26902,User_26902,66250.0
26906,User_26906,85401.0
26908,User_26908,75128.0
26912,User_26912,76219.0
26914,User_26914,72554.0
26916,User_26916,94013.0
26920,User_26920,54201.0
26924,User_26924,52525.0
26926,User_26926,91229.0
26932,User_26932,68150.0
26936,User_26936,67182.0
26944,User_26944,64585.0
26946,User_26946,67506.0
26948,User_26948,68288.0
26950,User_26950,90367.0
26952,User_26952,79444.0
26954,User_26954,60807.0
26956,User_26956,99160.0
26962,User_26962,74106.0
26966,User_26966,69477.0
26968,User_26968,95250.0
26972,User_26972,51318.0
26974,User_26974,95589.0
26976,User_26976,50412.0
26980,User_26980,77106.0
26982,User_26982,95342.0
26990,User_26990,95377.0
26992,User_26992,59218.0
26994,User_26994,89720.0
26996,User_26996,88490.0
27000,User_27000,67247.0
27002,User_27002,68654.0
27004,User_27004,70312.0
27006,User_27006,99452.0
27008,User_27008,83607.0
27014,User_27014,81377.0
27020,User_27020,99087.0
27026,User_27026,64955.0
27028,User_27028,65584.0
27032,User_27032,73904.0
27038,User_27038,87551.0
27040,User_27040,80516.0
27044,User_27044,54313.0
27046,User_27046,83790.0
27078,User_27078,88409.0
27080,User_27080,88452.0
27082,User_27082,63168.0
27086,User_27086,97000.0
27096,User_27096,97740.0
27098,User_27098,89682.0
27110,User_27110,94810.0
27112,User_27112,96548.0
27116,User_27116,60427.0
27118,User_27118,61281.0
27120,User_27120,59995.0
27130,User_27130,70209.0
27134,User_27134,71866.0
27144,User_27144,94635.0
27146,User_27146,66100.0
27150,User_27150,52320.0
27152,User_27152,63486.0
27156,User_27156,94687.0
27158,User_27158,52484.0
27164,User_27164,65042.0
27166,User_27166,97354.0
27176,User_27176,82858.0
27178,User_27178,50261.0
27180,User_27180,86376.0
27182,User_27182,50970.0
27184,User_27184,82780.0
27190,User_27190,94144.0
27192,User_27192,54322.0
27194,User_27194,65650.0
27196,User_27196,85507.0
27204,User_27204,94351.0
27206,User_27206,91313.0
27208,User_27208,96813.0
27210,User_27210,70255.0
27212,User_27212,69203.0
27214,User_27214,70013.0
27224,User_27224,84560.0
27226,User_27226,87307.0
27232,User_27232,85668.0
27234,User_27234,62842.0
27238,User_27238,53402.0
27242,User_27242,94424.0
27244,User_27244,69218.0
27246,User_27246,91863.0
27248,User_27248,87653.0
27254,User_27254,66480.0
27256,User_27256,89060.0
27258,User_27258,79140.0
27260,User_27260,90408.0
27264,User_27264,57804.0
27270,User_27270,90243.0
27274,User_27274,54033.0
27278,User_27278,57285.0
27284,User_27284,95782.0
27286,User_27286,67330.0
27288,User_27288,94459.0
27290,User_27290,99633.0
27292,User_27292,64839.0
27294,User_27294,59939.0
27296,User_27296,89475.0
27298,User_27298,83632.0
27306,User_27306,99124.0
27314,User_27314,63740.0
27316,User_27316,51537.0
27318,User_27318,54677.0
27324,User_27324,93253.0
27330,User_27330,54841.0
27332,User_27332,63801.0
27334,User_27334,84151.0
27336,User_27336,66839.0
27342,User_27342,69239.0
27344,User_27344,91286.0
27350,User_27350,65936.0
27354,User_27354,65438.0
27356,User_27356,75875.0
27360,User_27360,92129.0
27370,User_27370,86103.0
27382,User_27382,68230.0
27386,User_27386,59451.0
27390,User_27390,68633.0
27394,User_27394,89274.0
27396,User_27396,68232.0
27404,User_27404,93628.0
27408,User_27408,63103.0
27410,User_27410,97772.0
27412,User_27412,67812.0
27414,User_27414,94498.0
27418,User_27418,95609.0
27422,User_27422,61512.0
27426,User_27426,57468.0
27428,User_27428,92593.0
27430,User_27430,53083.0
27438,User_27438,60032.0
27440,User_27440,76901.0
27446,User_27446,51464.0
27450,User_27450,87608.0
27452,User_27452,61363.0
27454,User_27454,71303.0
27456,User_27456,61047.0
27466,User_27466,96325.0
27468,User_27468,67069.0
27470,User_27470,93042.0
27472,User_27472,68829.0
27474,User_27474,69149.0
27476,User_27476,81193.0
27480,User_27480,87399.0
27486,User_27486,65465.0
27488,User_27488,59526.0
27492,User_27492,86046.0
27494,User_27494,64692.0
27496,User_27496,95946.0
27498,User_27498,96300.0
27506,User_27506,57395.0
27508,User_27508,55270.0
27510,User_27510,67052.0
27514,User_27514,51901.0
27518,User_27518,84089.0
27520,User_27520,89857.0
27524,User_27524,50472.0
27532,User_27532,88313.0
27534,User_27534,98661.0
27544,User_27544,88696.0
27548,User_27548,91021.0
27552,User_27552,78629.0
27554,User_27554,54476.0
27560,User_27560,97504.0
27564,User_27564,59812.0
27568,User_27568,77215.0
27570,User_27570,77408.0
27584,User_27584,65102.0
27586,User_27586,73388.0
27590,User_27590,58645.0
27594,User_27594,60965.0
27596,User_27596,96180.0
27600,User_27600,88116.0
27602,User_27602,91231.0
27610,User_27610,99726.0
27612,User_27612,94989.0
27614,User_27614,55708.0
27616,User_27616,60741.0
27618,User_27618,52282.0
27626,User_27626,93759.0
27636,User_27636,78053.0
27638,User_27638,50341.0
27640,User_27640,61933.0
27644,User_27644,84237.0
27646,User_27646,85721.0
27650,User_27650,80664.0
27652,User_27652,92903.0
27654,User_27654,94033.0
27656,User_27656,52748.0
27666,User_27666,68455.0
27668,User_27668,82136.0
27674,User_27674,53836.0
27676,User_27676,68515.0
27682,User_27682,62120.0
27688,User_27688,68928.0
27690,User_27690,98290.0
27698,User_27698,78132.0
27702,User_27702,55885.0
27704,User_27704,61143.0
27706,User_27706,70981.0
27710,User_27710,94112.0
27716,User_27716,94522.0
27720,User_27720,57269.0
27724,User_27724,86393.0
27728,User_27728,66462.0
27730,User_27730,96215.0
27734,User_27734,86162.0
27742,User_27742,88255.0
27746,User_27746,55099.0
27754,User_27754,64447.0
27758,User_27758,90837.0
27760,User_27760,75466.0
27764,User_27764,81858.0
27766,User_27766,54573.0
27776,User_27776,74786.0
27778,User_27778,95907.0
27782,User_27782,99458.0
27792,User_27792,58277.0
27796,User_27796,56313.0
27798,User_27798,53937.0
27800,User_27800,86433.0
27804,User_27804,76364.0
27820,User_27820,95591.0
27822,User_27822,68349.0
27826,User_27826,90777.0
27830,User_27830,82436.0
27832,User_27832,96533.0
27834,User_27834,70222.0
27836,User_27836,60741.0
27838,User_27838,63714.0
27842,User_27842,66440.0
27846,User_27846,53891.0
27848,User_27848,88822.0
27850,User_27850,70231.0
27852,User_27852,51028.0
27858,User_27858,94924.0
27862,User_27862,76171.0
27870,User_27870,59301.0
27876,User_27876,82936.0
27880,User_27880,88126.0
27882,User_27882,83663.0
27884,User_27884,87748.0
27892,User_27892,59188.0
27894,User_27894,83227.0
27898,User_27898,52832.0
27900,User_27900,52557.0
27902,User_27902,87143.0
27906,User_27906,52408.0
27910,User_27910,87229.0
27912,User_27912,81420.0
27918,User_27918,50701.0
27920,User_27920,98924.0
27926,User_27926,82720.0
27928,User_27928,62782.0
27930,User_27930,69182.0
27936,User_27936,70376.0
27944,User_27944,70973.0
27946,User_27946,81125.0
27954,User_27954,86822.0
27956,User_27956,94023.0
27960,User_27960,98995.0
27982,User_27982,82430.0
27984,User_27984,75421.0
27986,User_27986,50411.0
27990,User_27990,80203.0
27992,User_27992,95706.0
27994,User_27994,63221.0
27996,User_27996,77505.0
28000,User_28000,54238.0
28002,User_28002,77468.0
28008,User_28008,91370.0
28018,User_28018,55571.0
28020,User_28020,85515.0
28022,User_28022,99398.0
28032,User_28032,65704.0
28036,User_28036,57811.0
28044,User_28044,75933.0
28048,User_28048,73223.0
28056,User_28056,53490.0
28058,User_28058,77173.0
28060,User_28060,90761.0
28066,User_28066,79813.0
28072,User_28072,51542.0
28082,User_28082,58563.0
28084,User_28084,87827.0
28088,User_28088,53671.0
28094,User_28094,85746.0
28098,User_28098,73594.0
28100,User_28100,93345.0
28106,User_28106,52835.0
28112,User_28112,96898.0
28114,User_28114,84245.0
28116,User_28116,75051.0
28118,User_28118,92393.0
28120,User_28120,54942.0
28124,User_28124,75797.0
28128,User_28128,83268.0
28132,User_28132,68913.0
28134,User_28134,55580.0
28136,User_28136,57753.0
28138,User_28138,58355.0
28140,User_28140,85466.0
28142,User_28142,78101.0
28146,User_28146,55010.0
28152,User_28152,98099.0
28158,User_28158,55696.0
28162,User_28162,56663.0
28166,User_28166,68088.0
28168,User_28168,76286.0
28170,User_28170,79071.0
28182,User_28182,63973.0
28184,User_28184,68329.0
28188,User_28188,56056.0
28190,User_28190,51645.0
28194,User_28194,65097.0
28200,User_28200,85300.0
28204,User_28204,83857.0
28206,User_28206,81509.0
28216,User_28216,83186.0
28218,User_28218,92433.0
28220,User_28220,74562.0
28222,User_28222,60604.0
28226,User_28226,76678.0
28232,User_28232,71089.0
28234,User_28234,82770.0
28236,User_28236,79552.0
28242,User_28242,89698.0
28246,User_28246,54249.0
28250,User_28250,57160.0
28256,User_28256,89828.0
28258,User_28258,58225.0
28260,User_28260,82687.0
28266,User_28266,77802.0
28276,User_28276,54587.0
28280,User_28280,69933.0
28282,User_28282,50509.0
28284,User_28284,95933.0
28286,User_28286,75216.0
28288,User_28288,84401.0
28290,User_28290,88864.0
28292,User_28292,68010.0
28294,User_28294,88998.0
28296,User_28296,88745.0
28298,User_28298,69686.0
28300,User_28300,98670.0
28302,User_28302,50691.0
28310,User_28310,97530.0
28314,User_28314,98360.0
28316,User_28316,65588.0
28322,User_28322,69329.0
28324,User_28324,59422.0
28332,User_28332,85963.0
28340,User_28340,93148.0
28344,User_28344,69136.0
28360,User_28360,79307.0
28364,User_28364,90704.0
28368,User_28368,65762.0
28376,User_28376,94686.0
28386,User_28386,97875.0
28388,User_28388,50461.0
28394,User_28394,92205.0
28402,User_28402,57263.0
28412,User_28412,63485.0
28416,User_28416,91156.0
28420,User_28420,68861.0
28422,User_28422,79324.0
28424,User_28424,89556.0
28432,User_28432,73198.0
28434,User_28434,84243.0
28442,User_28442,71201.0
28444,User_28444,93441.0
28446,User_28446,99015.0
28450,User_28450,55559.0
28454,User_28454,92519.0
28460,User_28460,60799.0
28464,User_28464,58815.0
28474,User_28474,59927.0
28476,User_28476,96013.0
28480,User_28480,97062.0
28482,User_28482,81937.0
28486,User_28486,60205.0
28488,User_28488,86654.0
28490,User_28490,92588.0
28498,User_28498,91262.0
28512,User_28512,73222.0
28514,User_28514,78809.0
28526,User_28526,79440.0
28530,User_28530,53856.0
28534,User_28534,75084.0
28538,User_28538,79443.0
28540,User_28540,62257.0
28550,User_28550,63482.0
28554,User_28554,93047.0
28558,User_28558,63260.0
28570,User_28570,67501.0
28572,User_28572,64347.0
28580,User_28580,89557.0
28584,User_28584,74782.0
28586,User_28586,82728.0
28590,User_28590,63284.0
28596,User_28596,84766.0
28598,User_28598,50383.0
28602,User_28602,66335.0
28606,User_28606,64078.0
28610,User_28610,95898.0
28612,User_28612,96785.0
28620,User_28620,52557.0
28624,User_28624,67421.0
28628,User_28628,81639.0
28630,User_28630,97878.0
28632,User_28632,92761.0
28638,User_28638,66785.0
28640,User_28640,70606.0
28642,User_28642,56885.0
28648,User_28648,92410.0
28650,User_28650,98809.0
28652,User_28652,77750.0
28654,User_28654,79393.0
28656,User_28656,90143.0
28658,User_28658,87028.0
28662,User_28662,51271.0
28664,User_28664,84846.0
28666,User_28666,90293.0
28668,User_28668,67125.0
28674,User_28674,85606.0
28676,User_28676,80388.0
28688,User_28688,62376.0
28692,User_28692,97426.0
28696,User_28696,97854.0
28704,User_28704,91873.0
28708,User_28708,88521.0
28712,User_28712,56629.0
28714,User_28714,85078.0
28720,User_28720,64070.0
28722,User_28722,50958.0
28726,User_28726,59662.0
28728,User_28728,62781.0
28730,User_28730,62202.0
28732,User_28732,99143.0
28736,User_28736,80296.0
28738,User_28738,89581.0
28740,User_28740,82349.0
28744,User_28744,96505.0
28746,User_28746,76166.0
28748,User_28748,64601.0
28762,User_28762,60022.0
28768,User_28768,64096.0
28770,User_28770,70042.0
28772,User_28772,77539.0
28774,User_28774,52894.0
28776,User_28776,50211.0
28780,User_28780,67921.0
28782,User_28782,68666.0
28784,User_28784,53762.0
28788,User_28788,70843.0
28792,User_28792,88461.0
28802,User_28802,82697.0
28806,User_28806,77949.0
28808,User_28808,72947.0
28810,User_28810,67599.0
28814,User_28814,93943.0
28824,User_28824,75798.0
28830,User_28830,67354.0
28832,User_28832,72662.0
28834,User_28834,62477.0
28838,User_28838,99137.0
28850,User_28850,54349.0
28852,User_28852,91931.0
28856,User_28856,94164.0
28858,User_28858,57895.0
28864,User_28864,70498.0
28866,User_28866,88643.0
28872,User_28872,64610.0
28874,User_28874,51072.0
28882,User_28882,61405.0
28884,User_28884,82492.0
28888,User_28888,77030.0
28894,User_28894,68528.0
28904,User_28904,51981.0
28906,User_28906,81530.0
28918,User_28918,72653.0
28926,User_28926,78434.0
28928,User_28928,70023.0
28930,User_28930,65332.0
28934,User_28934,70312.0
28938,User_28938,59254.0
28940,User_28940,97482.0
28950,User_28950,66227.0
28956,User_28956,87517.0
28960,User_28960,82365.0
28966,User_28966,86284.0
28970,User_28970,78037.0
28972,User_28972,94338.0
28974,User_28974,60373.0
28976,User_28976,59820.0
28988,User_28988,66686.0
28992,User_28992,90570.0
28998,User_28998,52010.0
29000,User_29000,70553.0
29008,User_29008,61301.0
29012,User_29012,94460.0
29018,User_29018,55468.0
29020,User_29020,74641.0
29022,User_29022,54781.0
29024,User_29024,57594.0
29032,User_29032,89939.0
29034,User_29034,71478.0
29036,User_29036,83099.0
29038,User_29038,53239.0
29040,User_29040,81169.0
29044,User_29044,67548.0
29046,User_29046,81107.0
29062,User_29062,77649.0
29064,User_29064,81107.0
29066,User_29066,69984.0
29068,User_29068,61937.0
29072,User_29072,82427.0
29074,User_29074,92411.0
29076,User_29076,98396.0
29078,User_29078,81860.0
29080,User_29080,53251.0
29082,User_29082,80714.0
29084,User_29084,91340.0
29086,User_29086,85597.0
29092,User_29092,69385.0
29094,User_29094,73819.0
29096,User_29096,95758.0
29100,User_29100,80022.0
29106,User_29106,78373.0
29108,User_29108,73190.0
29110,User_29110,66528.0
29112,User_29112,73572.0
29114,User_29114,50170.0
29118,User_29118,69325.0
29122,User_29122,76724.0
29124,User_29124,72876.0
29128,User_29128,81725.0
29130,User_29130,52152.0
29134,User_29134,59710.0
29136,User_29136,69912.0
29140,User_29140,57672.0
29144,User_29144,69223.0
29156,User_29156,98515.0
29166,User_29166,76301.0
29176,User_29176,91611.0
29178,User_29178,63594.0
29180,User_29180,69155.0
29184,User_29184,55013.0
29186,User_29186,89369.0
29188,User_29188,77675.0
29196,User_29196,62288.0
29200,User_29200,50795.0
29202,User_29202,78557.0
29204,User_29204,90243.0
29206,User_29206,54724.0
29210,User_29210,90372.0
29212,User_29212,68899.0
29216,User_29216,76525.0
29226,User_29226,86981.0
29228,User_29228,57569.0
29230,User_29230,53457.0
29232,User_29232,93370.0
29234,User_29234,56397.0
29236,User_29236,75139.0
29238,User_29238,97790.0
29242,User_29242,60850.0
29248,User_29248,74482.0
29254,User_29254,67143.0
29258,User_29258,62350.0
29260,User_29260,78516.0
29262,User_29262,60507.0
29266,User_29266,94932.0
29270,User_29270,55959.0
29274,User_29274,97435.0
29280,User_29280,68730.0
29282,User_29282,56662.0
29288,User_29288,89622.0
29290,User_29290,75258.0
29302,User_29302,60127.0
29306,User_29306,64852.0
29312,User_29312,74169.0
29314,User_29314,79883.0
29324,User_29324,75990.0
29330,User_29330,66467.0
29332,User_29332,53655.0
29334,User_29334,58679.0
29336,User_29336,82759.0
29338,User_29338,75247.0
29340,User_29340,83927.0
29344,User_29344,66000.0
29348,User_29348,85219.0
29350,User_29350,76664.0
29370,User_29370,97532.0
29372,User_29372,90133.0
29374,User_29374,95301.0
29376,User_29376,64141.0
29380,User_29380,66319.0
29382,User_29382,56487.0
29384,User_29384,84013.0
29386,User_29386,77212.0
29388,User_29388,97311.0
29396,User_29396,55282.0
29398,User_29398,99070.0
29400,User_29400,55671.0
29406,User_29406,77217.0
29412,User_29412,70663.0
29418,User_29418,78078.0
29420,User_29420,54160.0
29422,User_29422,66822.0
29424,User_29424,98123.0
29426,User_29426,96520.0
29428,User_29428,95198.0
29432,User_29432,59759.0
29434,User_29434,58423.0
29438,User_29438,62518.0
29444,User_29444,62234.0
29446,User_29446,94860.0
29450,User_29450,62419.0
29452,User_29452,66302.0
29454,User_29454,90252.0
29460,User_29460,95745.0
29462,User_29462,95032.0
29466,User_29466,74192.0
29468,User_29468,63239.0
29470,User_29470,60392.0
29474,User_29474,57781.0
29478,User_29478,72844.0
29482,User_29482,79594.0
29488,User_29488,52221.0
29490,User_29490,67385.0
29494,User_29494,90371.0
29498,User_29498,63900.0
29500,User_29500,74321.0
29504,User_29504,94674.0
29508,User_29508,79365.0
29510,User_29510,57925.0
29512,User_29512,88732.0
29514,User_29514,64422.0
29518,User_29518,86790.0
29522,User_29522,78006.0
29524,User_29524,93991.0
29526,User_29526,87642.0
29528,User_29528,93314.0
29534,User_29534,53191.0
29538,User_29538,98263.0
29542,User_29542,50345.0
29548,User_29548,74484.0
29552,User_29552,70943.0
29554,User_29554,74284.0
29564,User_29564,63238.0
29566,User_29566,55589.0
29568,User_29568,94739.0
29572,User_29572,53336.0
29578,User_29578,69890.0
29582,User_29582,75506.0
29584,User_29584,88565.0
29586,User_29586,59989.0
29590,User_29590,59299.0
29594,User_29594,66540.0
29596,User_29596,59341.0
29600,User_29600,93059.0
29604,User_29604,78357.0
29608,User_29608,63371.0
29614,User_29614,69952.0
29618,User_29618,73404.0
29622,User_29622,84728.0
29624,User_29624,88322.0
29628,User_29628,97374.0
29632,User_29632,98449.0
29634,User_29634,80820.0
29636,User_29636,53054.0
29642,User_29642,92205.0
29644,User_29644,95178.0
29646,User_29646,86772.0
29652,User_29652,97076.0
29656,User_29656,72928.0
29658,User_29658,50836.0
29662,User_29662,93518.0
29670,User_29670,62128.0
29672,User_29672,89113.0
29674,User_29674,96008.0
29690,User_29690,67201.0
29698,User_29698,92487.0
29702,User_29702,87077.0
29704,User_29704,63044.0
29712,User_29712,93329.0
29716,User_29716,84070.0
29718,User_29718,85413.0
29720,User_29720,92530.0
29724,User_29724,93916.0
29726,User_29726,85242.0
29728,User_29728,97156.0
29732,User_29732,61356.0
29736,User_29736,60678.0
29744,User_29744,90314.0
29748,User_29748,82364.0
29764,User_29764,87694.0
29766,User_29766,71975.0
29776,User_29776,57525.0
29782,User_29782,67321.0
29784,User_29784,77771.0
29788,User_29788,51536.0
29792,User_29792,52001.0
29796,User_29796,58738.0
29798,User_29798,71059.0
29800,User_29800,58655.0
29802,User_29802,54314.0
29804,User_29804,80730.0
29808,User_29808,63491.0
29810,User_29810,79078.0
29812,User_29812,73447.0
29814,User_29814,59334.0
29818,User_29818,79766.0
29820,User_29820,54789.0
29822,User_29822,78768.0
29830,User_29830,77345.0
29834,User_29834,59197.0
29838,User_29838,71973.0
29842,User_29842,59982.0
29844,User_29844,56170.0
29846,User_29846,94242.0
29850,User_29850,74415.0
29854,User_29854,52630.0
29856,User_29856,50947.0
29858,User_29858,58594.0
29864,User_29864,72636.0
29868,User_29868,79249.0
29870,User_29870,73206.0
29874,User_29874,76057.0
29878,User_29878,63473.0
29884,User_29884,61191.0
29896,User_29896,69851.0
29898,User_29898,64795.0
29902,User_29902,92067.0
29912,User_29912,78309.0
29914,User_29914,59230.0
29916,User_29916,60501.0
29922,User_29922,50557.0
29924,User_29924,89758.0
29926,User_29926,96473.0
29928,User_29928,71730.0
29930,User_29930,98428.0
29936,User_29936,71023.0
29938,User_29938,81629.0
29940,User_29940,50090.0
29942,User_29942,54238.0
29950,User_29950,52395.0
29954,User_29954,78614.0
29956,User_29956,69296.0
29958,User_29958,75029.0
29960,User_29960,51281.0
29964,User_29964,89553.0
29966,User_29966,62484.0
29968,User_29968,95252.0
29978,User_29978,69787.0
29980,User_29980,90259.0
29982,User_29982,70619.0
29984,User_29984,79976.0
29986,User_29986,56834.0
29992,User_29992,60147.0
30000,User_30000,66501.0
30002,User_30002,92098.0
30010,User_30010,74005.0
30012,User_30012,51105.0
30014,User_30014,59556.0
30020,User_30020,58767.0
30026,User_30026,98623.0
30030,User_30030,95996.0
30036,User_30036,70829.0
30042,User_30042,70023.0
30046,User_30046,76277.0
30048,User_30048,96181.0
30050,User_30050,52517.0
30054,User_30054,76926.0
30056,User_30056,88005.0
30060,User_30060,73802.0
30062,User_30062,59863.0
30064,User_30064,55892.0
30066,User_30066,77425.0
30072,User_30072,53465.0
30074,User_30074,51502.0
30086,User_30086,81156.0
30094,User_30094,70464.0
30096,User_30096,98565.0
30098,User_30098,94021.0
30104,User_30104,83802.0
30106,User_30106,90646.0
30110,User_30110,67338.0
30114,User_30114,80056.0
30120,User_30120,75433.0
30126,User_30126,81998.0
30128,User_30128,83662.0
30140,User_30140,87713.0
30144,User_30144,98931.0
30146,User_30146,69523.0
30148,User_30148,53910.0
30150,User_30150,92199.0
30152,User_30152,90813.0
30154,User_30154,76495.0
30160,User_30160,63727.0
30164,User_30164,98937.0
30166,User_30166,55904.0
30168,User_30168,61577.0
30172,User_30172,96891.0
30174,User_30174,73634.0
30188,User_30188,72038.0
30198,User_30198,90808.0
30204,User_30204,70614.0
30216,User_30216,59673.0
30220,User_30220,53969.0
30226,User_30226,74238.0
30228,User_30228,92042.0
30236,User_30236,79466.0
30242,User_30242,55759.0
30246,User_30246,90635.0
30248,User_30248,89938.0
30252,User_30252,95537.0
30256,User_30256,67717.0
30262,User_30262,73811.0
30264,User_30264,71411.0
30266,User_30266,85379.0
30268,User_30268,83856.0
30270,User_30270,81106.0
30274,User_30274,95878.0
30276,User_30276,84144.0
30284,User_30284,81322.0
30286,User_30286,77681.0
30298,User_30298,91899.0
30300,User_30300,95080.0
30302,User_30302,68708.0
30308,User_30308,88499.0
30314,User_30314,96636.0
30320,User_30320,57127.0
30324,User_30324,81009.0
30326,User_30326,79242.0
30332,User_30332,79789.0
30334,User_30334,99203.0
30340,User_30340,94853.0
30342,User_30342,94082.0
30346,User_30346,62393.0
30348,User_30348,74751.0
30350,User_30350,60611.0
30352,User_30352,60719.0
30354,User_30354,69510.0
30360,User_30360,59572.0
30372,User_30372,69988.0
30374,User_30374,73287.0
30376,User_30376,59898.0
30378,User_30378,83809.0
30382,User_30382,74948.0
30386,User_30386,80921.0
30390,User_30390,94677.0
30392,User_30392,51808.0
30394,User_30394,60809.0
30398,User_30398,69445.0
30402,User_30402,97746.0
30408,User_30408,62260.0
30410,User_30410,93196.0
30416,User_30416,54576.0
30420,User_30420,68225.0
30422,User_30422,72802.0
30424,User_30424,50295.0
30428,User_30428,57528.0
30432,User_30432,77389.0
30436,User_30436,85878.0
30444,User_30444,87976.0
30448,User_30448,79143.0
30450,User_30450,51436.0
30452,User_30452,92991.0
30454,User_30454,67557.0
30462,User_30462,76749.0
30464,User_30464,82694.0
30466,User_30466,71292.0
30468,User_30468,78087.0
30472,User_30472,80848.0
30474,User_30474,97952.0
30476,User_30476,77516.0
30482,User_30482,64648.0
30484,User_30484,70370.0
30488,User_30488,98989.0
30492,User_30492,69962.0
30494,User_30494,94312.0
30496,User_30496,81117.0
30500,User_30500,97503.0
30514,User_30514,55197.0
30516,User_30516,79960.0
30518,User_30518,58981.0
30522,User_30522,55530.0
30524,User_30524,97454.0
30536,User_30536,78038.0
30538,User_30538,99424.0
30542,User_30542,59383.0
30550,User_30550,96550.0
30552,User_30552,50829.0
30556,User_30556,76520.0
30558,User_30558,73112.0
30560,User_30560,89634.0
30566,User_30566,89336.0
30568,User_30568,85296.0
30570,User_30570,65105.0
30574,User_30574,69863.0
30580,User_30580,81690.0
30582,User_30582,88064.0
30588,User_30588,65453.0
30592,User_30592,65693.0
30598,User_30598,88570.0
30602,User_30602,86904.0
30604,User_30604,93645.0
30606,User_30606,71055.0
30608,User_30608,63503.0
30614,User_30614,63850.0
30616,User_30616,92124.0
30622,User_30622,65475.0
30628,User_30628,77501.0
30630,User_30630,85699.0
30632,User_30632,60627.0
30636,User_30636,74606.0
30644,User_30644,89599.0
30654,User_30654,50611.0
30658,User_30658,66143.0
30660,User_30660,61017.0
30662,User_30662,89150.0
30666,User_30666,92076.0
30668,User_30668,60821.0
30670,User_30670,93587.0
30672,User_30672,54115.0
30674,User_30674,95193.0
30676,User_30676,63611.0
30678,User_30678,74450.0
30680,User_30680,55570.0
30682,User_30682,69179.0
30686,User_30686,84136.0
30690,User_30690,71563.0
30692,User_30692,87305.0
30700,User_30700,95993.0
30704,User_30704,50659.0
30706,User_30706,68165.0
30708,User_30708,54922.0
30710,User_30710,96735.0
30718,User_30718,94971.0
30720,User_30720,77179.0
30722,User_30722,72027.0
30724,User_30724,69911.0
30734,User_30734,57446.0
30738,User_30738,92896.0
30742,User_30742,89320.0
30746,User_30746,64296.0
30748,User_30748,57184.0
30752,User_30752,83649.0
30758,User_30758,62505.0
30770,User_30770,83383.0
30784,User_30784,70251.0
30788,User_30788,82827.0
30794,User_30794,77436.0
30796,User_30796,84199.0
30800,User_30800,95046.0
30810,User_30810,89402.0
30812,User_30812,58280.0
30816,User_30816,90864.0
30818,User_30818,51535.0
30820,User_30820,96646.0
30826,User_30826,93926.0
30828,User_30828,81970.0
30830,User_30830,95154.0
30832,User_30832,75340.0
30834,User_30834,68364.0
30836,User_30836,92337.0
30838,User_30838,58045.0
30840,User_30840,98767.0
30846,User_30846,68807.0
30858,User_30858,69967.0
30860,User_30860,94383.0
30862,User_30862,52968.0
30866,User_30866,66312.0
30868,User_30868,96972.0
30872,User_30872,92370.0
30878,User_30878,67486.0
30884,User_30884,61814.0
30890,User_30890,72762.0
30892,User_30892,98710.0
30894,User_30894,80689.0
30896,User_30896,69588.0
30898,User_30898,95500.0
30900,User_30900,81453.0
30906,User_30906,92257.0
30908,User_30908,91216.0
30912,User_30912,72917.0
30916,User_30916,83681.0
30918,User_30918,69357.0
30920,User_30920,73834.0
30922,User_30922,90447.0
30926,User_30926,89448.0
30928,User_30928,56529.0
30930,User_30930,87343.0
30940,User_30940,83960.0
30942,User_30942,83264.0
30950,User_30950,78458.0
30954,User_30954,66472.0
30958,User_30958,77745.0
30960,User_30960,51771.0
30972,User_30972,76892.0
30974,User_30974,66370.0
30980,User_30980,66512.0
30984,User_30984,97017.0
30986,User_30986,50789.0
30988,User_30988,65656.0
30990,User_30990,66737.0
30996,User_30996,69307.0
30998,User_30998,62331.0
31002,User_31002,76021.0
31004,User_31004,54812.0
31008,User_31008,76538.0
31012,User_31012,50234.0
31020,User_31020,78050.0
31024,User_31024,93516.0
31026,User_31026,63266.0
31028,User_31028,60549.0
31032,User_31032,65695.0
31034,User_31034,61520.0
31044,User_31044,67869.0
31046,User_31046,85970.0
31052,User_31052,76883.0
31054,User_31054,98974.0
31058,User_31058,97544.0
31060,User_31060,77608.0
31062,User_31062,81861.0
31064,User_31064,62114.0
31066,User_31066,51479.0
31078,User_31078,78755.0
31080,User_31080,50787.0
31082,User_31082,84117.0
31084,User_31084,63737.0
31098,User_31098,94430.0
31100,User_31100,67292.0
31106,User_31106,75528.0
31108,User_31108,61946.0
31114,User_31114,73321.0
31118,User_31118,80052.0
31120,User_31120,86484.0
31122,User_31122,52840.0
31124,User_31124,52277.0
31130,User_31130,92467.0
31138,User_31138,85765.0
31142,User_31142,81430.0
31144,User_31144,87329.0
31146,User_31146,62922.0
31148,User_31148,59804.0
31152,User_31152,78868.0
31154,User_31154,81999.0
31158,User_31158,90749.0
31164,User_31164,67494.0
31166,User_31166,67546.0
31170,User_31170,72721.0
31172,User_31172,80637.0
31182,User_31182,65917.0
31184,User_31184,98302.0
31190,User_31190,52783.0
31192,User_31192,73337.0
31194,User_31194,82394.0
31196,User_31196,94366.0
31200,User_31200,58972.0
31202,User_31202,53629.0
31208,User_31208,97688.0
31210,User_31210,55017.0
31216,User_31216,71084.0
31218,User_31218,63692.0
31220,User_31220,51058.0
31224,User_31224,78819.0
31232,User_31232,99693.0
31234,User_31234,74832.0
31236,User_31236,76008.0
31242,User_31242,83891.0
31246,User_31246,57200.0
31248,User_31248,89844.0
31250,User_31250,95634.0
31268,User_31268,73773.0
31270,User_31270,61940.0
31272,User_31272,70241.0
31282,User_31282,92745.0
31286,User_31286,53233.0
31288,User_31288,81181.0
31296,User_31296,67005.0
31306,User_31306,94097.0
31312,User_31312,94161.0
31318,User_31318,68658.0
31324,User_31324,60766.0
31326,User_31326,70627.0
31328,User_31328,94106.0
31330,User_31330,72090.0
31336,User_31336,54224.0
31338,User_31338,81608.0
31342,User_31342,96755.0
31344,User_31344,79103.0
31346,User_31346,98292.0
31350,User_31350,52407.0
31352,User_31352,61677.0
31356,User_31356,69380.0
31358,User_31358,63914.0
31360,User_31360,79827.0
31364,User_31364,93328.0
31372,User_31372,92429.0
31374,User_31374,98235.0
31376,User_31376,87604.0
31380,User_31380,70346.0
31384,User_31384,91627.0
31386,User_31386,99906.0
31392,User_31392,86193.0
31394,User_31394,50784.0
31408,User_31408,64555.0
31410,User_31410,51568.0
31412,User_31412,98548.0
31414,User_31414,54923.0
31416,User_31416,61809.0
31428,User_31428,75665.0
31432,User_31432,76693.0
31434,User_31434,73127.0
31438,User_31438,55724.0
31440,User_31440,99605.0
31442,User_31442,96626.0
31444,User_31444,97195.0
31446,User_31446,74894.0
31448,User_31448,69194.0
31450,User_31450,61206.0
31452,User_31452,70424.0
31456,User_31456,76939.0
31458,User_31458,82250.0
31460,User_31460,84567.0
31464,User_31464,85972.0
31466,User_31466,50614.0
31468,User_31468,98712.0
31472,User_31472,64926.0
31478,User_31478,97069.0
31486,User_31486,96389.0
31488,User_31488,81734.0
31490,User_31490,52812.0
31492,User_31492,77226.0
31494,User_31494,99290.0
31498,User_31498,78546.0
31500,User_31500,78256.0
31502,User_31502,74223.0
31506,User_31506,51745.0
31508,User_31508,74426.0
31512,User_31512,81019.0
31514,User_31514,91223.0
31516,User_31516,75812.0
31522,User_31522,63202.0
31530,User_31530,82878.0
31536,User_31536,55723.0
31538,User_31538,50675.0
31540,User_31540,86679.0
31548,User_31548,62740.0
31550,User_31550,60600.0
31556,User_31556,86731.0
31558,User_31558,74403.0
31560,User_31560,92910.0
31564,User_31564,86308.0
31566,User_31566,67362.0
31568,User_31568,60988.0
31572,User_31572,77176.0
31576,User_31576,83583.0
31590,User_31590,55836.0
31592,User_31592,51543.0
31594,User_31594,73380.0
31596,User_31596,84096.0
31598,User_31598,60592.0
31602,User_31602,76380.0
31604,User_31604,90201.0
31606,User_31606,87817.0
31610,User_31610,65950.0
31612,User_31612,83913.0
31616,User_31616,59048.0
31618,User_31618,58178.0
31620,User_31620,65028.0
31626,User_31626,99776.0
31630,User_31630,92718.0
31632,User_31632,85130.0
31634,User_31634,87499.0
31638,User_31638,70804.0
31640,User_31640,80122.0
31642,User_31642,77834.0
31648,User_31648,85754.0
31650,User_31650,97387.0
31654,User_31654,96804.0
31656,User_31656,76885.0
31658,User_31658,66706.0
31660,User_31660,60654.0
31666,User_31666,64650.0
31670,User_31670,68629.0
31672,User_31672,97239.0
31674,User_31674,95762.0
31678,User_31678,51402.0
31684,User_31684,70316.0
31688,User_31688,97291.0
31696,User_31696,70768.0
31702,User_31702,86138.0
31706,User_31706,54306.0
31708,User_31708,82206.0
31710,User_31710,61941.0
31716,User_31716,97315.0
31720,User_31720,72885.0
31722,User_31722,86808.0
31724,User_31724,55813.0
31728,User_31728,76147.0
31732,User_31732,70117.0
31734,User_31734,69877.0
31740,User_31740,60887.0
31742,User_31742,73496.0
31744,User_31744,76972.0
31746,User_31746,79040.0
31748,User_31748,51048.0
31752,User_31752,74349.0
31764,User_31764,84169.0
31766,User_31766,84441.0
31774,User_31774,89506.0
31778,User_31778,87710.0
31780,User_31780,61333.0
31782,User_31782,93609.0
31786,User_31786,88388.0
31788,User_31788,69122.0
31796,User_31796,70611.0
31802,User_31802,80650.0
31804,User_31804,80588.0
31808,User_31808,69272.0
31814,User_31814,62531.0
31820,User_31820,90039.0
31822,User_31822,96955.0
31824,User_31824,73811.0
31830,User_31830,85470.0
31840,User_31840,72543.0
31842,User_31842,51267.0
31848,User_31848,54857.0
31850,User_31850,94199.0
31854,User_31854,77099.0
31856,User_31856,89283.0
31858,User_31858,82533.0
31864,User_31864,53251.0
31868,User_31868,80276.0
31870,User_31870,95114.0
31874,User_31874,56271.0
31876,User_31876,63798.0
31880,User_31880,94708.0
31884,User_31884,91936.0
31886,User_31886,56061.0
31888,User_31888,76020.0
31894,User_31894,76281.0
31902,User_31902,98728.0
31906,User_31906,90360.0
31908,User_31908,61824.0
31910,User_31910,63747.0
31912,User_31912,89733.0
31914,User_31914,73025.0
31920,User_31920,56085.0
31924,User_31924,53752.0
31928,User_31928,50025.0
31930,User_31930,92673.0
31932,User_31932,73738.0
31934,User_31934,74364.0
31936,User_31936,72483.0
31940,User_31940,93948.0
31944,User_31944,79657.0
31948,User_31948,66691.0
31952,User_31952,64115.0
31956,User_31956,94882.0
31958,User_31958,60287.0
31962,User_31962,60275.0
31964,User_31964,80610.0
31966,User_31966,69425.0
31968,User_31968,72846.0
31970,User_31970,98257.0
31978,User_31978,74886.0
31980,User_31980,73543.0
31982,User_31982,81373.0
31984,User_31984,73926.0
31988,User_31988,50774.0
31994,User_31994,97494.0
32002,User_32002,66257.0
32006,User_32006,63557.0
32010,User_32010,79453.0
32014,User_32014,64626.0
32016,User_32016,81697.0
32020,User_32020,57116.0
32022,User_32022,68363.0
32024,User_32024,84742.0
32030,User_32030,67309.0
32032,User_32032,81680.0
32042,User_32042,79947.0
32046,User_32046,76048.0
32050,User_32050,81008.0
32052,User_32052,64030.0
32058,User_32058,83295.0
32060,User_32060,66513.0
32062,User_32062,50905.0
32064,User_32064,67488.0
32072,User_32072,80363.0
32082,User_32082,72787.0
32084,User_32084,81846.0
32088,User_32088,80172.0
32090,User_32090,91597.0
32092,User_32092,74644.0
32108,User_32108,60798.0
32114,User_32114,61349.0
32120,User_32120,56479.0
32124,User_32124,81484.0
32128,User_32128,72056.0
32138,User_32138,86307.0
32140,User_32140,52037.0
32142,User_32142,61577.0
32144,User_32144,84600.0
32148,User_32148,72965.0
32152,User_32152,66504.0
32154,User_32154,80318.0
32158,User_32158,81474.0
32162,User_32162,60681.0
32164,User_32164,89431.0
32166,User_32166,86526.0
32170,User_32170,74732.0
32176,User_32176,58509.0
32184,User_32184,53818.0
32188,User_32188,82764.0
32192,User_32192,75040.0
32196,User_32196,96251.0
32200,User_32200,91954.0
32202,User_32202,57748.0
32204,User_32204,54853.0
32214,User_32214,50745.0
32220,User_32220,90034.0
32224,User_32224,84645.0
32228,User_32228,87085.0
32240,User_32240,53685.0
32244,User_32244,90183.0
32246,User_32246,55244.0
32248,User_32248,51982.0
32250,User_32250,70513.0
32260,User_32260,88090.0
32274,User_32274,99057.0
32278,User_32278,91831.0
32282,User_32282,83478.0
32292,User_32292,69846.0
32294,User_32294,68372.0
32296,User_32296,55740.0
32298,User_32298,89557.0
32300,User_32300,52076.0
32304,User_32304,77811.0
32306,User_32306,89905.0
32308,User_32308,70087.0
32314,User_32314,60044.0
32316,User_32316,92771.0
32318,User_32318,78192.0
32322,User_32322,94224.0
32332,User_32332,58040.0
32342,User_32342,85697.0
32344,User_32344,66062.0
32346,User_32346,77454.0
32352,User_32352,51941.0
32362,User_32362,61472.0
32364,User_32364,63638.0
32366,User_32366,65294.0
32372,User_32372,89040.0
32374,User_32374,92804.0
32376,User_32376,55950.0
32388,User_32388,73268.0
32392,User_32392,60952.0
32394,User_32394,54625.0
32396,User_32396,88488.0
32398,User_32398,63763.0
32400,User_32400,53280.0
32404,User_32404,79014.0
32406,User_32406,63453.0
32416,User_32416,51241.0
32418,User_32418,56458.0
32422,User_32422,82502.0
32424,User_32424,95622.0
32428,User_32428,97947.0
32430,User_32430,94428.0
32440,User_32440,87843.0
32444,User_32444,70389.0
32450,User_32450,72920.0
32452,User_32452,97506.0
32460,User_32460,81911.0
32468,User_32468,66699.0
32478,User_32478,98109.0
32486,User_32486,90155.0
32488,User_32488,71064.0
32492,User_32492,96130.0
32496,User_32496,92239.0
32500,User_32500,84933.0
32502,User_32502,96053.0
32504,User_32504,93637.0
32506,User_32506,60091.0
32508,User_32508,67329.0
32512,User_32512,75455.0
32514,User_32514,89642.0
32518,User_32518,93491.0
32524,User_32524,64946.0
32526,User_32526,59268.0
32534,User_32534,68941.0
32536,User_32536,91758.0
32538,User_32538,93327.0
32540,User_32540,96226.0
32542,User_32542,74294.0
32548,User_32548,92913.0
32552,User_32552,93836.0
32554,User_32554,66647.0
32558,User_32558,92758.0
32560,User_32560,59543.0
32570,User_32570,59117.0
32572,User_32572,71304.0
32578,User_32578,65896.0
32580,User_32580,95357.0
32582,User_32582,55466.0
32586,User_32586,83035.0
32588,User_32588,71132.0
32590,User_32590,55268.0
32592,User_32592,99825.0
32596,User_32596,71411.0
32600,User_32600,71146.0
32604,User_32604,98613.0
32606,User_32606,54888.0
32610,User_32610,77003.0
32612,User_32612,93384.0
32618,User_32618,56866.0
32620,User_32620,87605.0
32622,User_32622,50432.0
32624,User_32624,51694.0
32630,User_32630,92792.0
32632,User_32632,77937.0
32634,User_32634,58143.0
32636,User_32636,86487.0
32640,User_32640,86591.0
32652,User_32652,91484.0
32656,User_32656,88500.0
32658,User_32658,70068.0
32660,User_32660,91940.0
32662,User_32662,55716.0
32668,User_32668,73866.0
32670,User_32670,74466.0
32672,User_32672,71663.0
32676,User_32676,85035.0
32678,User_32678,81113.0
32684,User_32684,70134.0
32686,User_32686,91165.0
32692,User_32692,92881.0
32698,User_32698,66578.0
32700,User_32700,72971.0
32704,User_32704,90219.0
32710,User_32710,81432.0
32716,User_32716,63077.0
32718,User_32718,51006.0
32722,User_32722,72960.0
32724,User_32724,73399.0
32728,User_32728,66791.0
32730,User_32730,90401.0
32732,User_32732,98790.0
32736,User_32736,56491.0
32738,User_32738,96226.0
32744,User_32744,51931.0
32746,User_32746,72444.0
32750,User_32750,74700.0
32754,User_32754,83799.0
32758,User_32758,50056.0
32760,User_32760,97430.0
32764,User_32764,83047.0
32768,User_32768,55306.0
32772,User_32772,85220.0
32774,User_32774,76300.0
32776,User_32776,94732.0
32778,User_32778,69794.0
32786,User_32786,78243.0
32790,User_32790,66966.0
32792,User_32792,76252.0
32794,User_32794,56470.0
32798,User_32798,56803.0
32802,User_32802,92936.0
32812,User_32812,56222.0
32814,User_32814,74435.0
32826,User_32826,56660.0
32834,User_32834,76631.0
32836,User_32836,85266.0
32838,User_32838,56893.0
32850,User_32850,60333.0
32862,User_32862,76703.0
32864,User_32864,51868.0
32872,User_32872,79743.0
32874,User_32874,87869.0
32876,User_32876,58914.0
32878,User_32878,87415.0
32880,User_32880,65776.0
32882,User_32882,75905.0
32890,User_32890,65647.0
32892,User_32892,94732.0
32894,User_32894,64720.0
32896,User_32896,85953.0
32898,User_32898,62878.0
32900,User_32900,74602.0
32902,User_32902,77762.0
32904,User_32904,95144.0
32914,User_32914,55787.0
32916,User_32916,51074.0
32918,User_32918,61978.0
32924,User_32924,86213.0
32928,User_32928,93939.0
32932,User_32932,80184.0
32934,User_32934,74541.0
32938,User_32938,96880.0
32942,User_32942,98572.0
32944,User_32944,64300.0
32946,User_32946,90320.0
32948,User_32948,56991.0
32950,User_32950,74334.0
32952,User_32952,74968.0
32954,User_32954,86843.0
32958,User_32958,62843.0
32960,User_32960,53806.0
32962,User_32962,97368.0
32964,User_32964,89319.0
32966,User_32966,94471.0
32968,User_32968,93949.0
32972,User_32972,80184.0
32978,User_32978,63083.0
32980,User_32980,62085.0
32984,User_32984,90930.0
32986,User_32986,67884.0
32998,User_32998,76863.0
33004,User_33004,73823.0
33010,User_33010,97601.0
33012,User_33012,69435.0
33016,User_33016,83696.0
33020,User_33020,99370.0
33022,User_33022,66458.0
33024,User_33024,70449.0
33028,User_33028,76504.0
33030,User_33030,81835.0
33032,User_33032,97624.0
33036,User_33036,77869.0
33040,User_33040,65215.0
33042,User_33042,50747.0
33046,User_33046,98919.0
33052,User_33052,93218.0
33060,User_33060,76507.0
33062,User_33062,72844.0
33064,User_33064,80559.0
33066,User_33066,72996.0
33068,User_33068,65303.0
33072,User_33072,61623.0
33076,User_33076,94488.0
33080,User_33080,51661.0
33082,User_33082,61650.0
33086,User_33086,68266.0
33090,User_33090,64702.0
33092,User_33092,96866.0
33102,User_33102,64910.0
33104,User_33104,81875.0
33106,User_33106,57858.0
33110,User_33110,82629.0
33112,User_33112,95492.0
33118,User_33118,74573.0
33128,User_33128,64538.0
33132,User_33132,92262.0
33134,User_33134,53794.0
33136,User_33136,68839.0
33140,User_33140,82441.0
33142,User_33142,60416.0
33144,User_33144,86838.0
33148,User_33148,99489.0
33150,User_33150,84707.0
33160,User_33160,78024.0
33164,User_33164,97973.0
33174,User_33174,74033.0
33176,User_33176,61323.0
33180,User_33180,87977.0
33182,User_33182,71572.0
33192,User_33192,95923.0
33194,User_33194,56754.0
33200,User_33200,99288.0
33208,User_33208,93366.0
33210,User_33210,91500.0
33218,User_33218,97242.0
33224,User_33224,62780.0
33226,User_33226,51585.0
33228,User_33228,72318.0
33232,User_33232,89513.0
33234,User_33234,71212.0
33240,User_33240,75370.0
33242,User_33242,88116.0
33244,User_33244,61176.0
33248,User_33248,90524.0
33256,User_33256,50965.0
33258,User_33258,89636.0
33260,User_33260,88010.0
33262,User_33262,58764.0
33266,User_33266,70293.0
33268,User_33268,84852.0
33270,User_33270,86340.0
33272,User_33272,69194.0
33282,User_33282,85666.0
33288,User_33288,60360.0
33292,User_33292,88742.0
33294,User_33294,95195.0
33296,User_33296,84564.0
33298,User_33298,54105.0
33300,User_33300,76594.0
33302,User_33302,99594.0
33306,User_33306,78777.0
33308,User_33308,95061.0
33310,User_33310,84825.0
33316,User_33316,71104.0
33320,User_33320,59380.0
33324,User_33324,82581.0
33326,User_33326,61491.0
33328,User_33328,64559.0
33332,User_33332,87362.0
33336,User_33336,83921.0
33342,User_33342,88999.0
33344,User_33344,58172.0
33346,User_33346,58212.0
33350,User_33350,92857.0
33352,User_33352,83656.0
33354,User_33354,71667.0
33356,User_33356,69136.0
33358,User_33358,76115.0
33362,User_33362,89228.0
33368,User_33368,82734.0
33370,User_33370,64588.0
33374,User_33374,64137.0
33378,User_33378,51208.0
33382,User_33382,54110.0
33390,User_33390,84316.0
33392,User_33392,80649.0
33398,User_33398,80077.0
33400,User_33400,50729.0
33404,User_33404,61266.0
33406,User_33406,68710.0
33408,User_33408,63482.0
33414,User_33414,65689.0
33416,User_33416,90153.0
33418,User_33418,79909.0
33424,User_33424,66454.0
33426,User_33426,56368.0
33434,User_33434,84213.0
33436,User_33436,65068.0
33438,User_33438,98832.0
33452,User_33452,96621.0
33458,User_33458,75696.0
33460,User_33460,93162.0
33464,User_33464,51227.0
33470,User_33470,53663.0
33474,User_33474,63684.0
33476,User_33476,83813.0
33480,User_33480,66154.0
33486,User_33486,80749.0
33490,User_33490,84281.0
33492,User_33492,63016.0
33494,User_33494,50276.0
33496,User_33496,56818.0
33498,User_33498,94139.0
33502,User_33502,68687.0
33506,User_33506,96031.0
33510,User_33510,66427.0
33512,User_33512,64695.0
33516,User_33516,54581.0
33518,User_33518,84570.0
33522,User_33522,91918.0
33526,User_33526,58816.0
33528,User_33528,96222.0
33536,User_33536,82966.0
33538,User_33538,84108.0
33540,User_33540,98695.0
33544,User_33544,57331.0
33548,User_33548,99318.0
33552,User_33552,73971.0
33556,User_33556,65054.0
33560,User_33560,52319.0
33566,User_33566,50862.0
33572,User_33572,60478.0
33576,User_33576,57163.0
33578,User_33578,82102.0
33580,User_33580,78806.0
33582,User_33582,63119.0
33584,User_33584,72166.0
33588,User_33588,69106.0
33590,User_33590,69873.0
33596,User_33596,54145.0
33602,User_33602,94359.0
33604,User_33604,78170.0
33608,User_33608,50731.0
33610,User_33610,81654.0
33612,User_33612,79715.0
33616,User_33616,77425.0
33620,User_33620,65699.0
33624,User_33624,83772.0
33626,User_33626,83243.0
33628,User_33628,82068.0
33632,User_33632,82826.0
33634,User_33634,99039.0
33636,User_33636,74212.0
33638,User_33638,80479.0
33640,User_33640,61517.0
33642,User_33642,70101.0
33648,User_33648,80888.0
33654,User_33654,63563.0
33656,User_33656,55423.0
33658,User_33658,56559.0
33660,User_33660,52043.0
33662,User_33662,86582.0
33672,User_33672,74641.0
33676,User_33676,90173.0
33680,User_33680,60885.0
33682,User_33682,81011.0
33694,User_33694,58176.0
33698,User_33698,50461.0
33700,User_33700,92071.0
33704,User_33704,99579.0
33708,User_33708,57470.0
33716,User_33716,51288.0
33722,User_33722,50493.0
33726,User_33726,51610.0
33730,User_33730,77004.0
33738,User_33738,58459.0
33740,User_33740,61141.0
33742,User_33742,82038.0
33748,User_33748,69236.0
33756,User_33756,59361.0
33760,User_33760,92185.0
33764,User_33764,87457.0
33766,User_33766,87161.0
33768,User_33768,59505.0
33772,User_33772,92502.0
33776,User_33776,90801.0
33778,User_33778,65664.0
33782,User_33782,57788.0
33784,User_33784,70486.0
33786,User_33786,93123.0
33796,User_33796,87670.0
33802,User_33802,82301.0
33806,User_33806,84347.0
33808,User_33808,70866.0
33810,User_33810,94428.0
33812,User_33812,87395.0
33816,User_33816,68321.0
33828,User_33828,63652.0
33830,User_33830,90249.0
33832,User_33832,59646.0
33842,User_33842,68724.0
33850,User_33850,52403.0
33852,User_33852,71318.0
33854,User_33854,82621.0
33858,User_33858,87680.0
33868,User_33868,71188.0
33872,User_33872,96679.0
33874,User_33874,91062.0
33880,User_33880,76232.0
33882,User_33882,63578.0
33886,User_33886,76343.0
33892,User_33892,85739.0
33896,User_33896,91596.0
33898,User_33898,71735.0
33900,User_33900,97016.0
33906,User_33906,99764.0
33912,User_33912,63762.0
33918,User_33918,79801.0
33922,User_33922,99678.0
33924,User_33924,54801.0
33926,User_33926,61005.0
33928,User_33928,56470.0
33930,User_33930,71950.0
33932,User_33932,78496.0
33938,User_33938,63179.0
33940,User_33940,90528.0
33944,User_33944,54762.0
33964,User_33964,81022.0
33966,User_33966,85432.0
33976,User_33976,82569.0
33980,User_33980,70404.0
33982,User_33982,56027.0
33988,User_33988,73654.0
33992,User_33992,67677.0
33996,User_33996,77715.0
34002,User_34002,75760.0
34004,User_34004,64673.0
34010,User_34010,65987.0
34012,User_34012,90530.0
34020,User_34020,83192.0
34026,User_34026,76840.0
34030,User_34030,56861.0
34032,User_34032,86889.0
34034,User_34034,55303.0
34042,User_34042,91291.0
34044,User_34044,64710.0
34046,User_34046,66655.0
34048,User_34048,97650.0
34052,User_34052,92315.0
34056,User_34056,75157.0
34058,User_34058,98449.0
34060,User_34060,57220.0
34062,User_34062,98453.0
34064,User_34064,88535.0
34066,User_34066,64080.0
34068,User_34068,53171.0
34070,User_34070,54382.0
34072,User_34072,73013.0
34078,User_34078,96432.0
34080,User_34080,82960.0
34082,User_34082,75387.0
34084,User_34084,73616.0
34088,User_34088,91288.0
34090,User_34090,52994.0
34096,User_34096,57581.0
34102,User_34102,69738.0
34106,User_34106,95513.0
34110,User_34110,87522.0
34112,User_34112,52796.0
34114,User_34114,96363.0
34124,User_34124,55980.0
34126,User_34126,82712.0
34134,User_34134,76826.0
34142,User_34142,78657.0
34144,User_34144,65882.0
34148,User_34148,81981.0
34154,User_34154,74052.0
34160,User_34160,63959.0
34162,User_34162,77975.0
34166,User_34166,58573.0
34170,User_34170,62874.0
34172,User_34172,84774.0
34178,User_34178,74841.0
34180,User_34180,80376.0
34184,User_34184,74900.0
34186,User_34186,89209.0
34190,User_34190,73967.0
34194,User_34194,62958.0
34198,User_34198,76293.0
34202,User_34202,57526.0
34206,User_34206,92145.0
34210,User_34210,79579.0
34214,User_34214,56588.0
34216,User_34216,95651.0
34218,User_34218,91455.0
34220,User_34220,80408.0
34232,User_34232,87258.0
34234,User_34234,61754.0
34236,User_34236,57260.0
34240,User_34240,93316.0
34252,User_34252,52699.0
34264,User_34264,73872.0
34266,User_34266,63807.0
34276,User_34276,91657.0
34278,User_34278,58249.0
34280,User_34280,58961.0
34284,User_34284,68165.0
34288,User_34288,66408.0
34294,User_34294,82453.0
34296,User_34296,83811.0
34298,User_34298,69220.0
34300,User_34300,77539.0
34310,User_34310,96535.0
34312,User_34312,68371.0
34322,User_34322,51458.0
34324,User_34324,59037.0
34326,User_34326,89535.0
34330,User_34330,71984.0
34332,User_34332,60842.0
34336,User_34336,85452.0
34338,User_34338,80839.0
34348,User_34348,86413.0
34354,User_34354,86878.0
34356,User_34356,77033.0
34358,User_34358,62485.0
34362,User_34362,53208.0
34364,User_34364,86335.0
34368,User_34368,60650.0
34370,User_34370,56874.0
34376,User_34376,75441.0
34384,User_34384,85244.0
34386,User_34386,93822.0
34394,User_34394,89314.0
34396,User_34396,85889.0
34398,User_34398,55478.0
34402,User_34402,50076.0
34406,User_34406,90147.0
34408,User_34408,70064.0
34412,User_34412,56106.0
34418,User_34418,74613.0
34422,User_34422,73912.0
34426,User_34426,83205.0
34430,User_34430,84806.0
34434,User_34434,78868.0
34440,User_34440,60871.0
34444,User_34444,65106.0
34446,User_34446,63610.0
34448,User_34448,94248.0
34456,User_34456,62425.0
34458,User_34458,60682.0
34466,User_34466,51576.0
34468,User_34468,72933.0
34470,User_34470,94427.0
34472,User_34472,73767.0
34478,User_34478,82606.0
34490,User_34490,61592.0
34496,User_34496,75294.0
34498,User_34498,76240.0
34502,User_34502,87191.0
34504,User_34504,89637.0
34506,User_34506,80348.0
34512,User_34512,54154.0
34514,User_34514,53299.0
34516,User_34516,61686.0
34518,User_34518,74492.0
34524,User_34524,84696.0
34530,User_34530,77189.0
34534,User_34534,84341.0
34536,User_34536,55836.0
34550,User_34550,50179.0
34562,User_34562,80651.0
34574,User_34574,77692.0
34580,User_34580,92208.0
34582,User_34582,90191.0
34584,User_34584,55621.0
34588,User_34588,93871.0
34590,User_34590,87050.0
34592,User_34592,98932.0
34596,User_34596,92368.0
34598,User_34598,77227.0
34600,User_34600,65077.0
34602,User_34602,82031.0
34604,User_34604,83193.0
34608,User_34608,59209.0
34610,User_34610,73397.0
34612,User_34612,94935.0
34622,User_34622,56674.0
34628,User_34628,74052.0
34632,User_34632,87819.0
34634,User_34634,81745.0
34636,User_34636,81266.0
34640,User_34640,95028.0
34642,User_34642,65596.0
34646,User_34646,98340.0
34648,User_34648,72772.0
34652,User_34652,92487.0
34654,User_34654,66860.0
34666,User_34666,50909.0
34670,User_34670,60519.0
34676,User_34676,75115.0
34678,User_34678,64287.0
34686,User_34686,59504.0
34690,User_34690,58616.0
34692,User_34692,87019.0
34700,User_34700,90651.0
34706,User_34706,92560.0
34708,User_34708,56056.0
34710,User_34710,58103.0
34714,User_34714,69234.0
34718,User_34718,76595.0
34730,User_34730,68022.0
34734,User_34734,75674.0
34738,User_34738,97311.0
34740,User_34740,75378.0
34742,User_34742,98781.0
34744,User_34744,50858.0
34754,User_34754,74607.0
34760,User_34760,68296.0
34762,User_34762,94539.0
34764,User_34764,61919.0
34768,User_34768,70036.0
34770,User_34770,62985.0
34772,User_34772,90954.0
34778,User_34778,97884.0
34780,User_34780,68929.0
34788,User_34788,89704.0
34794,User_34794,85827.0
34798,User_34798,86079.0
34804,User_34804,96651.0
34806,User_34806,64167.0
34816,User_34816,54640.0
34818,User_34818,59809.0
34820,User_34820,57794.0
34828,User_34828,88774.0
34832,User_34832,61501.0
34838,User_34838,72153.0
34840,User_34840,60295.0
34842,User_34842,72928.0
34844,User_34844,53180.0
34846,User_34846,86503.0
34850,User_34850,99139.0
34852,User_34852,93412.0
34854,User_34854,56556.0
34856,User_34856,97308.0
34860,User_34860,51808.0
34862,User_34862,68860.0
34866,User_34866,56097.0
34874,User_34874,75734.0
34888,User_34888,83585.0
34894,User_34894,51868.0
34896,User_34896,65205.0
34910,User_34910,66033.0
34912,User_34912,65494.0
34914,User_34914,80084.0
34918,User_34918,71200.0
34924,User_34924,60265.0
34928,User_34928,87194.0
34930,User_34930,87268.0
34932,User_34932,76303.0
34938,User_34938,53440.0
34946,User_34946,85385.0
34950,User_34950,57828.0
34954,User_34954,70038.0
34956,User_34956,91590.0
34962,User_34962,96954.0
34964,User_34964,87323.0
34968,User_34968,71722.0
34970,User_34970,50257.0
34972,User_34972,56697.0
34982,User_34982,76269.0
35002,User_35002,93733.0
35010,User_35010,94494.0
35012,User_35012,53774.0
35018,User_35018,95546.0
35020,User_35020,92458.0
35022,User_35022,79484.0
35024,User_35024,95979.0
35028,User_35028,75549.0
35030,User_35030,55236.0
35032,User_35032,69299.0
35034,User_35034,63679.0
35036,User_35036,58006.0
35040,User_35040,78182.0
35044,User_35044,95195.0
35046,User_35046,85857.0
35052,User_35052,75797.0
35054,User_35054,89449.0
35058,User_35058,90086.0
35060,User_35060,91093.0
35062,User_35062,91484.0
35068,User_35068,78759.0
35070,User_35070,65761.0
35072,User_35072,70098.0
35080,User_35080,65583.0
35082,User_35082,65729.0
35084,User_35084,62792.0
35086,User_35086,50261.0
35094,User_35094,94380.0
35096,User_35096,55344.0
35102,User_35102,50688.0
35104,User_35104,80550.0
35106,User_35106,83195.0
35114,User_35114,52102.0
35116,User_35116,90372.0
35118,User_35118,86314.0
35120,User_35120,69882.0
35122,User_35122,89526.0
35124,User_35124,96664.0
35126,User_35126,80335.0
35128,User_35128,81117.0
35132,User_35132,83725.0
35134,User_35134,94976.0
35144,User_35144,80549.0
35150,User_35150,80933.0
35154,User_35154,86700.0
35162,User_35162,64586.0
35164,User_35164,65924.0
35170,User_35170,96784.0
35176,User_35176,86176.0
35178,User_35178,58367.0
35184,User_35184,68654.0
35190,User_35190,50036.0
35192,User_35192,75832.0
35194,User_35194,78735.0
35196,User_35196,81239.0
35210,User_35210,51741.0
35212,User_35212,84920.0
35214,User_35214,67298.0
35222,User_35222,71566.0
35224,User_35224,97251.0
35226,User_35226,96217.0
35228,User_35228,71267.0
35230,User_35230,74256.0
35232,User_35232,99661.0
35234,User_35234,91336.0
35236,User_35236,97156.0
35242,User_35242,95848.0
35246,User_35246,60632.0
35248,User_35248,62856.0
35250,User_35250,97764.0
35252,User_35252,96444.0
35258,User_35258,69665.0
35260,User_35260,71875.0
35262,User_35262,93205.0
35264,User_35264,66700.0
35268,User_35268,51745.0
35272,User_35272,92261.0
35274,User_35274,84972.0
35276,User_35276,95036.0
35278,User_35278,70865.0
35282,User_35282,55518.0
35284,User_35284,83979.0
35286,User_35286,55600.0
35288,User_35288,85399.0
35292,User_35292,70386.0
35296,User_35296,50389.0
35300,User_35300,78775.0
35304,User_35304,84499.0
35306,User_35306,50822.0
35316,User_35316,93741.0
35320,User_35320,92456.0
35322,User_35322,81778.0
35326,User_35326,82065.0
35332,User_35332,70875.0
35336,User_35336,84208.0
35338,User_35338,63909.0
35342,User_35342,66757.0
35354,User_35354,99270.0
35360,User_35360,76318.0
35362,User_35362,91515.0
35364,User_35364,84955.0
35366,User_35366,76055.0
35372,User_35372,68787.0
35374,User_35374,95631.0
35376,User_35376,57975.0
35384,User_35384,52405.0
35386,User_35386,51612.0
35388,User_35388,52878.0
35390,User_35390,83298.0
35392,User_35392,93622.0
35398,User_35398,75224.0
35400,User_35400,56076.0
35402,User_35402,59815.0
35408,User_35408,90656.0
35412,User_35412,79600.0
35416,User_35416,87496.0
35420,User_35420,74763.0
35424,User_35424,69486.0
35428,User_35428,66382.0
35438,User_35438,95183.0
35452,User_35452,87273.0
35464,User_35464,66171.0
35466,User_35466,55942.0
35470,User_35470,50302.0
35474,User_35474,97600.0
35476,User_35476,59252.0
35480,User_35480,87334.0
35484,User_35484,50210.0
35486,User_35486,91694.0
35492,User_35492,95621.0
35496,User_35496,69344.0
35498,User_35498,64505.0
35500,User_35500,53665.0
35506,User_35506,60840.0
35510,User_35510,52352.0
35514,User_35514,89238.0
35516,User_35516,57644.0
35520,User_35520,82141.0
35522,User_35522,99158.0
35524,User_35524,74412.0
35530,User_35530,55986.0
35536,User_35536,99755.0
35542,User_35542,93902.0
35546,User_35546,62684.0
35552,User_35552,93573.0
35554,User_35554,64338.0
35556,User_35556,63422.0
35566,User_35566,76328.0
35568,User_35568,69391.0
35570,User_35570,90730.0
35574,User_35574,50134.0
35578,User_35578,79223.0
35580,User_35580,58791.0
35584,User_35584,84235.0
35586,User_35586,75812.0
35588,User_35588,50048.0
35592,User_35592,73576.0
35594,User_35594,97253.0
35596,User_35596,92056.0
35598,User_35598,50822.0
35608,User_35608,61017.0
35614,User_35614,60914.0
35616,User_35616,97329.0
35622,User_35622,68649.0
35626,User_35626,65827.0
35628,User_35628,55475.0
35632,User_35632,83117.0
35642,User_35642,99086.0
35650,User_35650,82191.0
35660,User_35660,83795.0
35666,User_35666,59225.0
35670,User_35670,86097.0
35674,User_35674,58639.0
35678,User_35678,66353.0
35680,User_35680,91597.0
35686,User_35686,92060.0
35692,User_35692,69001.0
35696,User_35696,61588.0
35708,User_35708,64112.0
35716,User_35716,91577.0
35718,User_35718,72782.0
35720,User_35720,65312.0
35722,User_35722,94428.0
35724,User_35724,84980.0
35728,User_35728,74811.0
35740,User_35740,93958.0
35742,User_35742,92237.0
35748,User_35748,96953.0
35754,User_35754,50674.0
35764,User_35764,70902.0
35766,User_35766,86400.0
35776,User_35776,75133.0
35778,User_35778,75236.0
35782,User_35782,57031.0
35788,User_35788,91639.0
35802,User_35802,73820.0
35806,User_35806,73826.0
35808,User_35808,91013.0
35812,User_35812,66292.0
35814,User_35814,86604.0
35816,User_35816,57601.0
35818,User_35818,68650.0
35824,User_35824,99952.0
35826,User_35826,85247.0
35828,User_35828,64617.0
35840,User_35840,62942.0
35842,User_35842,62654.0
35848,User_35848,85940.0
35850,User_35850,89230.0
35852,User_35852,72240.0
35856,User_35856,50349.0
35860,User_35860,61227.0
35862,User_35862,77736.0
35866,User_35866,55745.0
35868,User_35868,92685.0
35878,User_35878,55501.0
35880,User_35880,50641.0
35886,User_35886,67646.0
35892,User_35892,55529.0
35894,User_35894,71449.0
35910,User_35910,80520.0
35912,User_35912,52168.0
35914,User_35914,67176.0
35916,User_35916,89117.0
35924,User_35924,60982.0
35926,User_35926,63576.0
35928,User_35928,75443.0
35930,User_35930,64332.0
35932,User_35932,89898.0
35934,User_35934,54954.0
35936,User_35936,56020.0
35938,User_35938,66009.0
35940,User_35940,76695.0
35942,User_35942,96967.0
35944,User_35944,69905.0
35952,User_35952,77062.0
35958,User_35958,81020.0
35960,User_35960,98399.0
35964,User_35964,98550.0
35966,User_35966,84701.0
35968,User_35968,90403.0
35970,User_35970,95831.0
35972,User_35972,54787.0
35978,User_35978,78962.0
35988,User_35988,78931.0
35996,User_35996,75969.0
35998,User_35998,77894.0
36000,User_36000,63182.0
36002,User_36002,94954.0
36006,User_36006,91922.0
36008,User_36008,54048.0
36016,User_36016,63592.0
36018,User_36018,66265.0
36020,User_36020,73902.0
36022,User_36022,97206.0
36026,User_36026,89513.0
36038,User_36038,85192.0
36040,User_36040,54515.0
36042,User_36042,61198.0
36046,User_36046,53754.0
36048,User_36048,62827.0
36050,User_36050,51152.0
36058,User_36058,55398.0
36060,User_36060,70987.0
36062,User_36062,71901.0
36064,User_36064,65801.0
36066,User_36066,57512.0
36068,User_36068,52258.0
36070,User_36070,99241.0
36078,User_36078,93986.0
36082,User_36082,58205.0
36088,User_36088,51507.0
36096,User_36096,65357.0
36100,User_36100,54121.0
36102,User_36102,92085.0
36106,User_36106,75609.0
36108,User_36108,61483.0
36110,User_36110,50739.0
36112,User_36112,73388.0
36114,User_36114,61811.0
36120,User_36120,99165.0
36122,User_36122,51005.0
36128,User_36128,59144.0
36132,User_36132,98116.0
36138,User_36138,56134.0
36142,User_36142,66460.0
36144,User_36144,90723.0
36146,User_36146,85969.0
36152,User_36152,61112.0
36154,User_36154,91078.0
36174,User_36174,99274.0
36178,User_36178,73415.0
36180,User_36180,64185.0
36182,User_36182,91766.0
36190,User_36190,53695.0
36194,User_36194,62502.0
36202,User_36202,90679.0
36206,User_36206,91827.0
36208,User_36208,90176.0
36210,User_36210,72124.0
36212,User_36212,77827.0
36214,User_36214,64616.0
36220,User_36220,87926.0
36222,User_36222,70476.0
36226,User_36226,52186.0
36228,User_36228,70498.0
36230,User_36230,79245.0
36244,User_36244,50552.0
36246,User_36246,87418.0
36248,User_36248,60148.0
36250,User_36250,53893.0
36266,User_36266,86194.0
36268,User_36268,57563.0
36272,User_36272,74269.0
36274,User_36274,65133.0
36276,User_36276,99838.0
36282,User_36282,58774.0
36284,User_36284,76078.0
36286,User_36286,55156.0
36288,User_36288,87015.0
36300,User_36300,94838.0
36308,User_36308,53416.0
36316,User_36316,61112.0
36318,User_36318,86759.0
36320,User_36320,64180.0
36322,User_36322,79002.0
36324,User_36324,70944.0
36326,User_36326,61581.0
36328,User_36328,84582.0
36332,User_36332,79659.0
36340,User_36340,99077.0
36342,User_36342,76596.0
36344,User_36344,77829.0
36346,User_36346,50312.0
36350,User_36350,58991.0
36352,User_36352,61816.0
36358,User_36358,76302.0
36360,User_36360,90952.0
36362,User_36362,92769.0
36364,User_36364,69673.0
36370,User_36370,79530.0
36372,User_36372,59311.0
36378,User_36378,69440.0
36380,User_36380,88236.0
36386,User_36386,55051.0
36390,User_36390,86859.0
36394,User_36394,96089.0
36400,User_36400,68992.0
36402,User_36402,76467.0
36404,User_36404,97954.0
36406,User_36406,65527.0
36408,User_36408,64060.0
36412,User_36412,95319.0
36416,User_36416,99136.0
36418,User_36418,99638.0
36422,User_36422,70571.0
36424,User_36424,53387.0
36428,User_36428,54541.0
36434,User_36434,65397.0
36440,User_36440,92507.0
36444,User_36444,70052.0
36448,User_36448,72159.0
36450,User_36450,56026.0
36454,User_36454,67602.0
36456,User_36456,73448.0
36458,User_36458,62985.0
36460,User_36460,66063.0
36464,User_36464,84727.0
36466,User_36466,53821.0
36468,User_36468,52698.0
36474,User_36474,84576.0
36482,User_36482,63358.0
36486,User_36486,56925.0
36488,User_36488,82845.0
36490,User_36490,59129.0
36492,User_36492,58313.0
36496,User_36496,58940.0
36500,User_36500,88991.0
36502,User_36502,79252.0
36504,User_36504,73424.0
36510,User_36510,97365.0
36524,User_36524,54707.0
36526,User_36526,69844.0
36532,User_36532,92951.0
36534,User_36534,53350.0
36536,User_36536,61332.0
36538,User_36538,74425.0
36544,User_36544,93694.0
36548,User_36548,58936.0
36556,User_36556,65134.0
36560,User_36560,93891.0
36564,User_36564,89598.0
36570,User_36570,78914.0
36576,User_36576,74751.0
36582,User_36582,72942.0
36584,User_36584,89314.0
36586,User_36586,57007.0
36598,User_36598,69963.0
36602,User_36602,73245.0
36606,User_36606,65070.0
36618,User_36618,85280.0
36622,User_36622,96457.0
36628,User_36628,84369.0
36630,User_36630,50995.0
36634,User_36634,67821.0
36636,User_36636,60425.0
36638,User_36638,77865.0
36642,User_36642,63951.0
36644,User_36644,65117.0
36646,User_36646,69653.0
36654,User_36654,97876.0
36664,User_36664,75211.0
36670,User_36670,87452.0
36672,User_36672,62444.0
36674,User_36674,86458.0
36678,User_36678,73851.0
36680,User_36680,91177.0
36684,User_36684,68945.0
36688,User_36688,71292.0
36690,User_36690,78928.0
36694,User_36694,99361.0
36698,User_36698,89678.0
36700,User_36700,60037.0
36704,User_36704,81859.0
36710,User_36710,72132.0
36714,User_36714,69671.0
36716,User_36716,67581.0
36718,User_36718,82144.0
36720,User_36720,86112.0
36722,User_36722,65690.0
36724,User_36724,50746.0
36726,User_36726,62239.0
36734,User_36734,85874.0
36744,User_36744,79562.0
36746,User_36746,92306.0
36752,User_36752,60155.0
36754,User_36754,99623.0
36762,User_36762,78448.0
36764,User_36764,88659.0
36766,User_36766,66511.0
36768,User_36768,58632.0
36772,User_36772,58030.0
36776,User_36776,82219.0
36778,User_36778,59878.0
36786,User_36786,54569.0
36788,User_36788,81011.0
36790,User_36790,98481.0
36794,User_36794,61229.0
36796,User_36796,58304.0
36798,User_36798,84325.0
36804,User_36804,80615.0
36810,User_36810,82967.0
36814,User_36814,77727.0
36816,User_36816,60487.0
36818,User_36818,87167.0
36820,User_36820,61638.0
36822,User_36822,78132.0
36824,User_36824,95286.0
36826,User_36826,69331.0
36832,User_36832,91559.0
36846,User_36846,64167.0
36850,User_36850,64805.0
36852,User_36852,91850.0
36854,User_36854,51764.0
36856,User_36856,71142.0
36858,User_36858,87173.0
36862,User_36862,61316.0
36864,User_36864,88587.0
36868,User_36868,95071.0
36870,User_36870,96301.0
36872,User_36872,56554.0
36876,User_36876,96287.0
36880,User_36880,65345.0
36882,User_36882,71188.0
36886,User_36886,85631.0
36888,User_36888,82466.0
36890,User_36890,86552.0
36892,User_36892,65477.0
36894,User_36894,61767.0
36898,User_36898,93510.0
36906,User_36906,92056.0
36910,User_36910,99866.0
36920,User_36920,71504.0
36924,User_36924,65382.0
36926,User_36926,94083.0
36928,User_36928,90362.0
36930,User_36930,79378.0
36934,User_36934,87560.0
36936,User_36936,72638.0
36940,User_36940,68951.0
36942,User_36942,70002.0
36944,User_36944,83843.0
36946,User_36946,71823.0
36948,User_36948,61337.0
36950,User_36950,85501.0
36952,User_36952,93482.0
36958,User_36958,60830.0
36966,User_36966,61545.0
36968,User_36968,65922.0
36972,User_36972,61344.0
36974,User_36974,65769.0
36980,User_36980,91322.0
36984,User_36984,56049.0
36988,User_36988,57088.0
36998,User_36998,98131.0
37004,User_37004,54640.0
37010,User_37010,57089.0
37014,User_37014,74496.0
37022,User_37022,92873.0
37024,User_37024,79455.0
37030,User_37030,85113.0
37032,User_37032,77985.0
37036,User_37036,62643.0
37038,User_37038,66679.0
37042,User_37042,52297.0
37044,User_37044,57449.0
37048,User_37048,71180.0
37050,User_37050,95160.0
37054,User_37054,55068.0
37058,User_37058,73124.0
37060,User_37060,57595.0
37066,User_37066,76536.0
37068,User_37068,74006.0
37070,User_37070,51763.0
37076,User_37076,94585.0
37096,User_37096,89739.0
37098,User_37098,84180.0
37102,User_37102,73335.0
37110,User_37110,57927.0
37114,User_37114,92780.0
37118,User_37118,51328.0
37120,User_37120,96869.0
37124,User_37124,54433.0
37126,User_37126,81238.0
37132,User_37132,73306.0
37134,User_37134,96099.0
37136,User_37136,80966.0
37138,User_37138,69623.0
37140,User_37140,70134.0
37146,User_37146,86660.0
37148,User_37148,62578.0
37150,User_37150,84964.0
37166,User_37166,98456.0
37170,User_37170,79788.0
37174,User_37174,93916.0
37176,User_37176,85039.0
37178,User_37178,81258.0
37180,User_37180,96434.0
37186,User_37186,98763.0
37190,User_37190,90399.0
37192,User_37192,72480.0
37194,User_37194,70708.0
37200,User_37200,87113.0
37204,User_37204,88802.0
37208,User_37208,56156.0
37212,User_37212,52581.0
37216,User_37216,52798.0
37218,User_37218,61190.0
37222,User_37222,51349.0
37226,User_37226,54989.0
37228,User_37228,94013.0
37232,User_37232,54683.0
37236,User_37236,82664.0
37240,User_37240,66411.0
37242,User_37242,67520.0
37244,User_37244,80489.0
37250,User_37250,67722.0
37256,User_37256,57959.0
37258,User_37258,79352.0
37260,User_37260,84344.0
37268,User_37268,56847.0
37270,User_37270,81400.0
37272,User_37272,88871.0
37280,User_37280,78369.0
37282,User_37282,98168.0
37290,User_37290,92408.0
37292,User_37292,92174.0
37300,User_37300,76834.0
37304,User_37304,79101.0
37306,User_37306,84894.0
37308,User_37308,79964.0
37310,User_37310,93188.0
37312,User_37312,52353.0
37320,User_37320,54127.0
37328,User_37328,98955.0
37330,User_37330,92526.0
37332,User_37332,93335.0
37336,User_37336,81160.0
37340,User_37340,68501.0
37342,User_37342,70374.0
37344,User_37344,88778.0
37352,User_37352,65556.0
37354,User_37354,57751.0
37356,User_37356,60920.0
37358,User_37358,53021.0
37362,User_37362,93291.0
37366,User_37366,79870.0
37368,User_37368,87589.0
37370,User_37370,82206.0
37372,User_37372,92938.0
37374,User_37374,63087.0
37378,User_37378,61523.0
37380,User_37380,79389.0
37382,User_37382,76641.0
37386,User_37386,78177.0
37392,User_37392,73530.0
37400,User_37400,64792.0
37402,User_37402,82052.0
37406,User_37406,74366.0
37408,User_37408,77361.0
37410,User_37410,72080.0
37414,User_37414,63804.0
37420,User_37420,78319.0
37426,User_37426,84928.0
37430,User_37430,52966.0
37434,User_37434,57810.0
37436,User_37436,76097.0
37442,User_37442,95422.0
37444,User_37444,54287.0
37452,User_37452,90359.0
37464,User_37464,70385.0
37466,User_37466,60317.0
37468,User_37468,96257.0
37470,User_37470,68811.0
37472,User_37472,52807.0
37480,User_37480,90229.0
37482,User_37482,79459.0
37484,User_37484,95233.0
37490,User_37490,50718.0
37496,User_37496,75726.0
37498,User_37498,77539.0
37500,User_37500,58549.0
37502,User_37502,58550.0
37504,User_37504,63081.0
37508,User_37508,96139.0
37510,User_37510,56843.0
37512,User_37512,98464.0
37522,User_37522,70924.0
37526,User_37526,56692.0
37528,User_37528,58564.0
37530,User_37530,95728.0
37532,User_37532,64774.0
37534,User_37534,81680.0
37536,User_37536,80188.0
37542,User_37542,58980.0
37544,User_37544,82110.0
37548,User_37548,56832.0
37550,User_37550,86669.0
37554,User_37554,99946.0
37558,User_37558,52397.0
37560,User_37560,80478.0
37562,User_37562,85221.0
37564,User_37564,66448.0
37566,User_37566,64326.0
37576,User_37576,64426.0
37582,User_37582,70284.0
37586,User_37586,78551.0
37590,User_37590,72411.0
37592,User_37592,87067.0
37604,User_37604,55084.0
37608,User_37608,96840.0
37612,User_37612,91601.0
37618,User_37618,61382.0
37620,User_37620,95085.0
37624,User_37624,60820.0
37626,User_37626,84805.0
37632,User_37632,67889.0
37638,User_37638,54985.0
37644,User_37644,73251.0
37648,User_37648,71525.0
37650,User_37650,91440.0
37652,User_37652,64241.0
37662,User_37662,86717.0
37664,User_37664,63225.0
37668,User_37668,83092.0
37672,User_37672,86376.0
37674,User_37674,80397.0
37676,User_37676,53443.0
37680,User_37680,74414.0
37688,User_37688,58137.0
37690,User_37690,85299.0
37696,User_37696,78720.0
37700,User_37700,94760.0
37702,User_37702,59743.0
37704,User_37704,84952.0
37706,User_37706,91099.0
37708,User_37708,82312.0
37712,User_37712,87926.0
37716,User_37716,79399.0
37718,User_37718,57541.0
37722,User_37722,74877.0
37724,User_37724,63212.0
37726,User_37726,56539.0
37728,User_37728,52866.0
37730,User_37730,55999.0
37732,User_37732,60191.0
37736,User_37736,59517.0
37740,User_37740,50189.0
37750,User_37750,62141.0
37756,User_37756,95014.0
37758,User_37758,90818.0
37760,User_37760,81011.0
37762,User_37762,62135.0
37764,User_37764,80331.0
37766,User_37766,91223.0
37768,User_37768,96385.0
37770,User_37770,78282.0
37772,User_37772,91002.0
37774,User_37774,73973.0
37776,User_37776,71819.0
37778,User_37778,74692.0
37784,User_37784,77699.0
37792,User_37792,92672.0
37794,User_37794,73835.0
37800,User_37800,53021.0
37802,User_37802,64058.0
37804,User_37804,87957.0
37806,User_37806,68773.0
37808,User_37808,99317.0
37820,User_37820,58069.0
37826,User_37826,93748.0
37828,User_37828,61004.0
37830,User_37830,82908.0
37832,User_37832,69292.0
37836,User_37836,70995.0
37840,User_37840,94844.0
37848,User_37848,97062.0
37850,User_37850,64829.0
37854,User_37854,57560.0
37858,User_37858,62213.0
37860,User_37860,94597.0
37862,User_37862,62095.0
37866,User_37866,85238.0
37868,User_37868,91200.0
37872,User_37872,94259.0
37874,User_37874,67309.0
37880,User_37880,81011.0
37884,User_37884,65462.0
37886,User_37886,53248.0
37888,User_37888,63479.0
37892,User_37892,70090.0
37894,User_37894,59896.0
37898,User_37898,58215.0
37902,User_37902,85504.0
37916,User_37916,74510.0
37918,User_37918,80201.0
37920,User_37920,86863.0
37922,User_37922,79061.0
37924,User_37924,85839.0
37926,User_37926,76985.0
37928,User_37928,56302.0
37932,User_37932,98840.0
37934,User_37934,74419.0
37938,User_37938,69022.0
37942,User_37942,60329.0
37946,User_37946,53769.0
37948,User_37948,64812.0
37952,User_37952,66891.0
37960,User_37960,53015.0
37964,User_37964,55110.0
37966,User_37966,64600.0
37972,User_37972,93236.0
37974,User_37974,84087.0
37976,User_37976,77275.0
37978,User_37978,61896.0
37980,User_37980,85928.0
37986,User_37986,89597.0
37990,User_37990,53655.0
37994,User_37994,82402.0
38006,User_38006,83519.0
38008,User_38008,85075.0
38012,User_38012,59881.0
38014,User_38014,69862.0
38016,User_38016,63271.0
38020,User_38020,70246.0
38022,User_38022,86074.0
38024,User_38024,67310.0
38028,User_38028,82060.0
38030,User_38030,66167.0
38032,User_38032,51707.0
38038,User_38038,67449.0
38040,User_38040,74865.0
38044,User_38044,84209.0
38054,User_38054,74852.0
38056,User_38056,90467.0
38060,User_38060,55223.0
38062,User_38062,59661.0
38072,User_38072,64918.0
38076,User_38076,70731.0
38080,User_38080,75916.0
38086,User_38086,68399.0
38088,User_38088,88507.0
38094,User_38094,82457.0
38100,User_38100,63500.0
38102,User_38102,75068.0
38104,User_38104,52786.0
38108,User_38108,89402.0
38112,User_38112,85663.0
38116,User_38116,86556.0
38118,User_38118,80927.0
38124,User_38124,72456.0
38126,User_38126,71022.0
38134,User_38134,70761.0
38136,User_38136,60067.0
38138,User_38138,94167.0
38144,User_38144,86578.0
38146,User_38146,73930.0
38148,User_38148,78758.0
38150,User_38150,52990.0
38152,User_38152,58240.0
38154,User_38154,65350.0
38156,User_38156,73061.0
38158,User_38158,75173.0
38160,User_38160,92350.0
38162,User_38162,80644.0
38166,User_38166,66649.0
38172,User_38172,74968.0
38174,User_38174,76328.0
38178,User_38178,61194.0
38186,User_38186,96197.0
38196,User_38196,66784.0
38200,User_38200,61678.0
38202,User_38202,72484.0
38204,User_38204,95903.0
38208,User_38208,74634.0
38210,User_38210,89539.0
38212,User_38212,99249.0
38214,User_38214,66890.0
38218,User_38218,98601.0
38226,User_38226,74220.0
38230,User_38230,65963.0
38234,User_38234,57418.0
38236,User_38236,63879.0
38246,User_38246,77297.0
38248,User_38248,59440.0
38250,User_38250,79892.0
38256,User_38256,79385.0
38258,User_38258,72223.0
38262,User_38262,92530.0
38270,User_38270,88432.0
38272,User_38272,62488.0
38276,User_38276,88812.0
38282,User_38282,81816.0
38288,User_38288,75126.0
38294,User_38294,87216.0
38296,User_38296,82369.0
38300,User_38300,72643.0
38310,User_38310,86261.0
38312,User_38312,65667.0
38314,User_38314,83276.0
38316,User_38316,74780.0
38318,User_38318,84695.0
38324,User_38324,74658.0
38330,User_38330,81002.0
38332,User_38332,84782.0
38336,User_38336,78097.0
38338,User_38338,67312.0
38340,User_38340,98996.0
38346,User_38346,99657.0
38348,User_38348,54199.0
38354,User_38354,60913.0
38358,User_38358,81146.0
38370,User_38370,95719.0
38382,User_38382,61047.0
38384,User_38384,63715.0
38386,User_38386,76268.0
38396,User_38396,71013.0
38400,User_38400,69555.0
38402,User_38402,60805.0
38408,User_38408,69458.0
38412,User_38412,82143.0
38416,User_38416,82494.0
38418,User_38418,91556.0
38422,User_38422,66485.0
38424,User_38424,58046.0
38426,User_38426,89272.0
38428,User_38428,91980.0
38438,User_38438,73673.0
38446,User_38446,51764.0
38448,User_38448,87362.0
38458,User_38458,90712.0
38460,User_38460,69556.0
38462,User_38462,70373.0
38466,User_38466,65846.0
38470,User_38470,80833.0
38472,User_38472,89165.0
38474,User_38474,90872.0
38476,User_38476,75301.0
38488,User_38488,56639.0
38490,User_38490,90339.0
38492,User_38492,69982.0
38494,User_38494,51879.0
38498,User_38498,74777.0
38504,User_38504,80856.0
38506,User_38506,84744.0
38508,User_38508,69409.0
38512,User_38512,86491.0
38514,User_38514,58799.0
38516,User_38516,78407.0
38518,User_38518,52108.0
38520,User_38520,75466.0
38522,User_38522,84920.0
38536,User_38536,98074.0
38548,User_38548,92549.0
38552,User_38552,69452.0
38562,User_38562,77880.0
38564,User_38564,81900.0
38582,User_38582,57400.0
38584,User_38584,67057.0
38590,User_38590,92127.0
38598,User_38598,74299.0
38600,User_38600,85130.0
38602,User_38602,61000.0
38606,User_38606,56244.0
38608,User_38608,81201.0
38610,User_38610,82627.0
38616,User_38616,72989.0
38618,User_38618,77665.0
38620,User_38620,84528.0
38626,User_38626,85217.0
38634,User_38634,74884.0
38636,User_38636,50712.0
38638,User_38638,86668.0
38644,User_38644,74962.0
38646,User_38646,85749.0
38654,User_38654,87958.0
38662,User_38662,77278.0
38664,User_38664,52873.0
38668,User_38668,59733.0
38670,User_38670,77632.0
38676,User_38676,74655.0
38680,User_38680,61327.0
38682,User_38682,56359.0
38684,User_38684,78251.0
38686,User_38686,60196.0
38690,User_38690,72710.0
38698,User_38698,96385.0
38706,User_38706,62880.0
38718,User_38718,77182.0
38720,User_38720,99337.0
38722,User_38722,67308.0
38730,User_38730,58254.0
38738,User_38738,82964.0
38742,User_38742,65017.0
38746,User_38746,80555.0
38760,User_38760,52238.0
38762,User_38762,62439.0
38764,User_38764,78902.0
38766,User_38766,69876.0
38768,User_38768,51238.0
38770,User_38770,55150.0
38776,User_38776,88119.0
38778,User_38778,84627.0
38780,User_38780,91420.0
38784,User_38784,79192.0
38786,User_38786,81894.0
38790,User_38790,87979.0
38802,User_38802,97803.0
38806,User_38806,80684.0
38808,User_38808,82131.0
38810,User_38810,88512.0
38814,User_38814,91236.0
38816,User_38816,72426.0
38818,User_38818,87217.0
38822,User_38822,70756.0
38826,User_38826,67308.0
38828,User_38828,50074.0
38830,User_38830,65655.0
38836,User_38836,99206.0
38840,User_38840,93220.0
38842,User_38842,95058.0
38860,User_38860,50649.0
38862,User_38862,70959.0
38876,User_38876,93800.0
38880,User_38880,76996.0
38882,User_38882,60301.0
38892,User_38892,97262.0
38894,User_38894,79412.0
38900,User_38900,71547.0
38902,User_38902,85509.0
38906,User_38906,56497.0
38914,User_38914,97760.0
38920,User_38920,61880.0
38928,User_38928,93424.0
38930,User_38930,96086.0
38934,User_38934,58526.0
38936,User_38936,76046.0
38940,User_38940,81104.0
38944,User_38944,74857.0
38946,User_38946,64660.0
38950,User_38950,57042.0
38960,User_38960,72241.0
38962,User_38962,56806.0
38964,User_38964,86688.0
38966,User_38966,77708.0
38968,User_38968,69981.0
38970,User_38970,94096.0
38972,User_38972,73310.0
38976,User_38976,61901.0
38980,User_38980,80257.0
38982,User_38982,76637.0
38984,User_38984,71262.0
38986,User_38986,55986.0
38988,User_38988,80391.0
38990,User_38990,63236.0
38994,User_38994,82968.0
38998,User_38998,94713.0
39000,User_39000,65268.0
39004,User_39004,67904.0
39006,User_39006,74265.0
39008,User_39008,91764.0
39010,User_39010,75831.0
39012,User_39012,66546.0
39024,User_39024,83092.0
39026,User_39026,80714.0
39034,User_39034,59088.0
39040,User_39040,82080.0
39042,User_39042,99812.0
39048,User_39048,56846.0
39050,User_39050,97125.0
39052,User_39052,90646.0
39054,User_39054,87424.0
39060,User_39060,58447.0
39062,User_39062,50872.0
39070,User_39070,73600.0
39078,User_39078,99468.0
39086,User_39086,76083.0
39090,User_39090,74418.0
39092,User_39092,68283.0
39094,User_39094,77129.0
39098,User_39098,73732.0
39104,User_39104,86974.0
39106,User_39106,76129.0
39108,User_39108,73157.0
39112,User_39112,94506.0
39114,User_39114,87031.0
39120,User_39120,63166.0
39126,User_39126,61427.0
39128,User_39128,64372.0
39134,User_39134,94655.0
39136,User_39136,93443.0
39138,User_39138,58897.0
39144,User_39144,92614.0
39146,User_39146,53582.0
39148,User_39148,58607.0
39152,User_39152,54635.0
39158,User_39158,72864.0
39166,User_39166,58654.0
39168,User_39168,61283.0
39172,User_39172,63660.0
39176,User_39176,95143.0
39180,User_39180,77464.0
39184,User_39184,98576.0
39190,User_39190,97701.0
39196,User_39196,68553.0
39200,User_39200,93140.0
39202,User_39202,60519.0
39208,User_39208,75769.0
39212,User_39212,77960.0
39214,User_39214,74542.0
39218,User_39218,87238.0
39220,User_39220,58935.0
39224,User_39224,66098.0
39226,User_39226,99877.0
39228,User_39228,63570.0
39230,User_39230,73091.0
39232,User_39232,97901.0
39240,User_39240,94966.0
39242,User_39242,60506.0
39244,User_39244,63750.0
39248,User_39248,56957.0
39254,User_39254,69164.0
39264,User_39264,86601.0
39270,User_39270,54505.0
39272,User_39272,60846.0
39274,User_39274,60984.0
39276,User_39276,69755.0
39278,User_39278,96829.0
39284,User_39284,91333.0
39290,User_39290,62413.0
39296,User_39296,57775.0
39302,User_39302,68214.0
39304,User_39304,67037.0
39306,User_39306,99816.0
39308,User_39308,68034.0
39310,User_39310,92903.0
39312,User_39312,74120.0
39314,User_39314,77867.0
39322,User_39322,85169.0
39324,User_39324,97316.0
39330,User_39330,99302.0
39332,User_39332,90744.0
39334,User_39334,97363.0
39336,User_39336,89088.0
39344,User_39344,58242.0
39350,User_39350,81362.0
39360,User_39360,72496.0
39364,User_39364,81129.0
39366,User_39366,91536.0
39368,User_39368,58966.0
39372,User_39372,83669.0
39376,User_39376,54488.0
39378,User_39378,70803.0
39384,User_39384,99534.0
39386,User_39386,93087.0
39390,User_39390,62946.0
39392,User_39392,85432.0
39396,User_39396,76882.0
39418,User_39418,65735.0
39426,User_39426,79267.0
39430,User_39430,76712.0
39432,User_39432,71650.0
39434,User_39434,86514.0
39436,User_39436,50231.0
39438,User_39438,59254.0
39444,User_39444,97236.0
39450,User_39450,92812.0
39458,User_39458,83201.0
39462,User_39462,77042.0
39464,User_39464,54703.0
39468,User_39468,99548.0
39480,User_39480,62768.0
39482,User_39482,58096.0
39484,User_39484,88240.0
39486,User_39486,85361.0
39490,User_39490,81794.0
39492,User_39492,71109.0
39494,User_39494,75986.0
39508,User_39508,95329.0
39510,User_39510,83061.0
39512,User_39512,92225.0
39514,User_39514,52392.0
39516,User_39516,56432.0
39520,User_39520,62946.0
39522,User_39522,56198.0
39524,User_39524,51443.0
39528,User_39528,78091.0
39540,User_39540,84753.0
39550,User_39550,69846.0
39556,User_39556,88180.0
39558,User_39558,97407.0
39560,User_39560,68458.0
39568,User_39568,54641.0
39576,User_39576,59837.0
39578,User_39578,59510.0
39580,User_39580,57531.0
39582,User_39582,84176.0
39586,User_39586,72748.0
39590,User_39590,61274.0
39592,User_39592,56060.0
39598,User_39598,93396.0
39604,User_39604,88836.0
39618,User_39618,89870.0
39620,User_39620,63564.0
39626,User_39626,55078.0
39628,User_39628,87710.0
39630,User_39630,65174.0
39642,User_39642,72875.0
39644,User_39644,90272.0
39648,User_39648,66878.0
39650,User_39650,66320.0
39652,User_39652,67996.0
39654,User_39654,75034.0
39658,User_39658,65146.0
39660,User_39660,76620.0
39662,User_39662,81418.0
39668,User_39668,76201.0
39672,User_39672,98309.0
39680,User_39680,50929.0
39682,User_39682,65568.0
39692,User_39692,50770.0
39694,User_39694,84594.0
39696,User_39696,57681.0
39698,User_39698,83917.0
39704,User_39704,98464.0
39706,User_39706,52011.0
39708,User_39708,77796.0
39710,User_39710,82604.0
39712,User_39712,96665.0
39718,User_39718,55130.0
39720,User_39720,71755.0
39724,User_39724,92034.0
39726,User_39726,83928.0
39732,User_39732,67114.0
39734,User_39734,92843.0
39736,User_39736,88370.0
39744,User_39744,60322.0
39746,User_39746,81148.0
39748,User_39748,50073.0
39750,User_39750,95136.0
39752,User_39752,95453.0
39758,User_39758,82905.0
39760,User_39760,50061.0
39766,User_39766,55025.0
39772,User_39772,67468.0
39774,User_39774,68243.0
39778,User_39778,90910.0
39782,User_39782,63661.0
39784,User_39784,56668.0
39786,User_39786,92859.0
39790,User_39790,58677.0
39794,User_39794,87218.0
39796,User_39796,94967.0
39798,User_39798,72550.0
39800,User_39800,88474.0
39802,User_39802,93558.0
39804,User_39804,54571.0
39808,User_39808,91096.0
39814,User_39814,53390.0
39816,User_39816,55634.0
39824,User_39824,66319.0
39828,User_39828,79659.0
39834,User_39834,57552.0
39836,User_39836,93433.0
39838,User_39838,81694.0
39840,User_39840,95100.0
39852,User_39852,60189.0
39856,User_39856,63927.0
39860,User_39860,69539.0
39866,User_39866,65297.0
39872,User_39872,51691.0
39880,User_39880,96823.0
39884,User_39884,77978.0
39886,User_39886,73261.0
39890,User_39890,84263.0
39898,User_39898,72204.0
39904,User_39904,51979.0
39906,User_39906,50660.0
39908,User_39908,92277.0
39916,User_39916,70426.0
39918,User_39918,73966.0
39926,User_39926,61578.0
39928,User_39928,92964.0
39930,User_39930,61520.0
39946,User_39946,86627.0
39952,User_39952,73717.0
39954,User_39954,67327.0
39958,User_39958,63003.0
39960,User_39960,86493.0
39962,User_39962,65506.0
39964,User_39964,57251.0
39968,User_39968,71914.0
39974,User_39974,72563.0
39976,User_39976,79359.0
39978,User_39978,56810.0
39982,User_39982,98207.0
39988,User_39988,70159.0
39990,User_39990,52519.0
39994,User_39994,61453.0
39996,User_39996,69471.0
39998,User_39998,84395.0
40000,User_40000,72065.0
40010,User_40010,96752.0
40020,User_40020,72062.0
40026,User_40026,69942.0
40034,User_40034,61203.0
40036,User_40036,88779.0
40038,User_40038,90271.0
40042,User_40042,90211.0
40044,User_40044,68786.0
40046,User_40046,68134.0
40048,User_40048,82414.0
40050,User_40050,92373.0
40052,User_40052,70821.0
40056,User_40056,95359.0
40058,User_40058,53827.0
40060,User_40060,80849.0
40062,User_40062,77386.0
40064,User_40064,73228.0
40070,User_40070,51499.0
40074,User_40074,99903.0
40076,User_40076,76342.0
40078,User_40078,63904.0
40080,User_40080,71780.0
40086,User_40086,98580.0
40088,User_40088,81710.0
40090,User_40090,67869.0
40094,User_40094,50723.0
40098,User_40098,57012.0
40102,User_40102,78124.0
40106,User_40106,60637.0
40108,User_40108,72997.0
40110,User_40110,95136.0
40114,User_40114,91674.0
40116,User_40116,85303.0
40118,User_40118,95579.0
40120,User_40120,67454.0
40122,User_40122,85123.0
40132,User_40132,52416.0
40134,User_40134,96347.0
40138,User_40138,97774.0
40140,User_40140,67754.0
40146,User_40146,99660.0
40152,User_40152,64446.0
40154,User_40154,70200.0
40156,User_40156,81069.0
40162,User_40162,73662.0
40164,User_40164,77568.0
40166,User_40166,60595.0
40168,User_40168,91016.0
40170,User_40170,93521.0
40174,User_40174,60453.0
40176,User_40176,77541.0
40188,User_40188,81062.0
40190,User_40190,58781.0
40196,User_40196,58211.0
40198,User_40198,98964.0
40202,User_40202,74821.0
40204,User_40204,69713.0
40206,User_40206,89113.0
40208,User_40208,63578.0
40210,User_40210,51130.0
40220,User_40220,83976.0
40222,User_40222,92044.0
40224,User_40224,56140.0
40226,User_40226,87333.0
40228,User_40228,92043.0
40244,User_40244,91694.0
40248,User_40248,76779.0
40250,User_40250,95711.0
40252,User_40252,86183.0
40254,User_40254,57716.0
40256,User_40256,55993.0
40262,User_40262,69487.0
40270,User_40270,60242.0
40272,User_40272,75448.0
40284,User_40284,74631.0
40298,User_40298,73047.0
40304,User_40304,93406.0
40306,User_40306,94499.0
40310,User_40310,58883.0
40312,User_40312,81409.0
40318,User_40318,94767.0
40324,User_40324,67130.0
40326,User_40326,83280.0
40328,User_40328,55804.0
40330,User_40330,95944.0
40336,User_40336,75346.0
40340,User_40340,73746.0
40348,User_40348,81130.0
40350,User_40350,81862.0
40352,User_40352,87462.0
40358,User_40358,64781.0
40364,User_40364,81548.0
40372,User_40372,72310.0
40374,User_40374,78102.0
40376,User_40376,68078.0
40378,User_40378,92986.0
40380,User_40380,62059.0
40382,User_40382,52452.0
40386,User_40386,50596.0
40390,User_40390,77283.0
40392,User_40392,78804.0
40396,User_40396,60402.0
40404,User_40404,62066.0
40406,User_40406,78451.0
40412,User_40412,66386.0
40414,User_40414,57717.0
40418,User_40418,84286.0
40422,User_40422,85011.0
40426,User_40426,62762.0
40430,User_40430,77407.0
40434,User_40434,65394.0
40436,User_40436,81979.0
40444,User_40444,54757.0
40452,User_40452,73213.0
40462,User_40462,52249.0
40464,User_40464,54067.0
40466,User_40466,85823.0
40468,User_40468,60803.0
40470,User_40470,99032.0
40474,User_40474,90099.0
40484,User_40484,95708.0
40492,User_40492,69238.0
40510,User_40510,96656.0
40518,User_40518,84984.0
40524,User_40524,95252.0
40528,User_40528,99654.0
40542,User_40542,70605.0
40546,User_40546,60443.0
40548,User_40548,95656.0
40550,User_40550,95936.0
40554,User_40554,98417.0
40556,User_40556,94081.0
40562,User_40562,51343.0
40564,User_40564,98157.0
40570,User_40570,79477.0
40592,User_40592,96973.0
40600,User_40600,79137.0
40604,User_40604,52714.0
40606,User_40606,78570.0
40610,User_40610,63807.0
40612,User_40612,65918.0
40630,User_40630,80306.0
40638,User_40638,61716.0
40642,User_40642,55749.0
40646,User_40646,89696.0
40648,User_40648,60632.0
40650,User_40650,70575.0
40654,User_40654,61015.0
40656,User_40656,52862.0
40668,User_40668,72026.0
40670,User_40670,72124.0
40672,User_40672,82350.0
40680,User_40680,69834.0
40686,User_40686,80081.0
40690,User_40690,53519.0
40694,User_40694,58092.0
40696,User_40696,87011.0
40698,User_40698,55749.0
40700,User_40700,99440.0
40702,User_40702,57866.0
40712,User_40712,52149.0
40714,User_40714,52926.0
40716,User_40716,70796.0
40730,User_40730,88995.0
40732,User_40732,67497.0
40738,User_40738,94331.0
40740,User_40740,84162.0
40744,User_40744,86811.0
40746,User_40746,75209.0
40748,User_40748,65893.0
40750,User_40750,64372.0
40752,User_40752,83082.0
40754,User_40754,65900.0
40758,User_40758,60425.0
40760,User_40760,94073.0
40762,User_40762,76471.0
40764,User_40764,87890.0
40768,User_40768,95504.0
40770,User_40770,82537.0
40790,User_40790,92978.0
40802,User_40802,75427.0
40806,User_40806,88335.0
40810,User_40810,90640.0
40812,User_40812,98477.0
40816,User_40816,62608.0
40818,User_40818,74574.0
40822,User_40822,69707.0
40826,User_40826,98523.0
40828,User_40828,63108.0
40830,User_40830,74698.0
40834,User_40834,52067.0
40836,User_40836,79372.0
40842,User_40842,89709.0
40844,User_40844,65357.0
40850,User_40850,91530.0
40856,User_40856,90801.0
40862,User_40862,95974.0
40864,User_40864,55926.0
40866,User_40866,81513.0
40868,User_40868,63388.0
40872,User_40872,98160.0
40874,User_40874,93623.0
40876,User_40876,55016.0
40882,User_40882,85105.0
40884,User_40884,59659.0
40894,User_40894,71025.0
40906,User_40906,57075.0
40908,User_40908,52812.0
40912,User_40912,82595.0
40914,User_40914,52591.0
40916,User_40916,66741.0
40924,User_40924,63134.0
40926,User_40926,64584.0
40928,User_40928,71762.0
40934,User_40934,99035.0
40936,User_40936,52509.0
40940,User_40940,99212.0
40942,User_40942,83514.0
40944,User_40944,82809.0
40946,User_40946,52050.0
40952,User_40952,65845.0
40954,User_40954,85279.0
40958,User_40958,94149.0
40964,User_40964,99776.0
40976,User_40976,58113.0
40980,User_40980,53453.0
40986,User_40986,80360.0
40988,User_40988,59669.0
40990,User_40990,72014.0
40992,User_40992,70171.0
40998,User_40998,56744.0
41002,User_41002,52415.0
41006,User_41006,65894.0
41008,User_41008,61786.0
41012,User_41012,54562.0
41016,User_41016,73326.0
41028,User_41028,73740.0
41030,User_41030,62995.0
41038,User_41038,51810.0
41040,User_41040,69561.0
41042,User_41042,57065.0
41046,User_41046,63218.0
41048,User_41048,78557.0
41054,User_41054,66128.0
41058,User_41058,68258.0
41066,User_41066,83190.0
41072,User_41072,70847.0
41076,User_41076,64507.0
41078,User_41078,91259.0
41086,User_41086,80899.0
41090,User_41090,66708.0
41094,User_41094,95670.0
41096,User_41096,56387.0
41104,User_41104,67955.0
41106,User_41106,76691.0
41110,User_41110,54059.0
41114,User_41114,57157.0
41118,User_41118,90240.0
41122,User_41122,97769.0
41130,User_41130,54035.0
41132,User_41132,79394.0
41134,User_41134,82723.0
41146,User_41146,56128.0
41150,User_41150,87889.0
41152,User_41152,54211.0
41154,User_41154,77120.0
41158,User_41158,78213.0
41160,User_41160,61448.0
41172,User_41172,65507.0
41174,User_41174,69533.0
41180,User_41180,76735.0
41186,User_41186,90636.0
41188,User_41188,57221.0
41190,User_41190,77096.0
41192,User_41192,57761.0
41194,User_41194,91228.0
41202,User_41202,59947.0
41204,User_41204,65818.0
41210,User_41210,70196.0
41214,User_41214,59456.0
41216,User_41216,97339.0
41222,User_41222,96783.0
41226,User_41226,52385.0
41230,User_41230,61306.0
41232,User_41232,90878.0
41240,User_41240,65012.0
41242,User_41242,80076.0
41244,User_41244,53300.0
41246,User_41246,52154.0
41248,User_41248,58405.0
41254,User_41254,78855.0
41256,User_41256,55546.0
41266,User_41266,63080.0
41274,User_41274,65892.0
41276,User_41276,70001.0
41284,User_41284,82018.0
41286,User_41286,74417.0
41288,User_41288,54587.0
41292,User_41292,76520.0
41294,User_41294,67987.0
41298,User_41298,88650.0
41302,User_41302,78139.0
41304,User_41304,53129.0
41308,User_41308,84305.0
41310,User_41310,71531.0
41314,User_41314,57310.0
41318,User_41318,98840.0
41324,User_41324,63065.0
41326,User_41326,88858.0
41328,User_41328,70558.0
41330,User_41330,70484.0
41332,User_41332,71827.0
41336,User_41336,86875.0
41338,User_41338,61688.0
41340,User_41340,78900.0
41342,User_41342,71431.0
41344,User_41344,61007.0
41348,User_41348,90848.0
41352,User_41352,58957.0
41364,User_41364,91691.0
41366,User_41366,68908.0
41368,User_41368,81053.0
41370,User_41370,79411.0
41376,User_41376,78342.0
41382,User_41382,60537.0
41384,User_41384,52097.0
41386,User_41386,83851.0
41392,User_41392,80488.0
41394,User_41394,70088.0
41398,User_41398,66578.0
41402,User_41402,75575.0
41408,User_41408,77258.0
41412,User_41412,91895.0
41414,User_41414,83031.0
41422,User_41422,84990.0
41426,User_41426,93353.0
41428,User_41428,96788.0
41430,User_41430,88507.0
41436,User_41436,60499.0
41438,User_41438,67503.0
41440,User_41440,76049.0
41444,User_41444,93790.0
41446,User_41446,81058.0
41448,User_41448,55363.0
41450,User_41450,73885.0
41452,User_41452,77380.0
41458,User_41458,59181.0
41460,User_41460,70198.0
41466,User_41466,85177.0
41470,User_41470,79779.0
41472,User_41472,93592.0
41476,User_41476,73339.0
41478,User_41478,96476.0
41484,User_41484,78760.0
41492,User_41492,89463.0
41496,User_41496,85001.0
41498,User_41498,96583.0
41504,User_41504,88193.0
41508,User_41508,99267.0
41512,User_41512,89098.0
41516,User_41516,57505.0
41520,User_41520,86528.0
41528,User_41528,64253.0
41532,User_41532,52410.0
41538,User_41538,66848.0
41548,User_41548,62711.0
41552,User_41552,92393.0
41554,User_41554,63119.0
41558,User_41558,89767.0
41564,User_41564,91038.0
41570,User_41570,60840.0
41572,User_41572,74346.0
41574,User_41574,83211.0
41576,User_41576,51805.0
41578,User_41578,85111.0
41580,User_41580,95543.0
41586,User_41586,89774.0
41588,User_41588,59322.0
41590,User_41590,88448.0
41594,User_41594,78546.0
41596,User_41596,52245.0
41602,User_41602,89532.0
41608,User_41608,55358.0
41610,User_41610,95896.0
41620,User_41620,58741.0
41624,User_41624,85779.0
41628,User_41628,89955.0
41632,User_41632,84338.0
41634,User_41634,56667.0
41644,User_41644,71067.0
41646,User_41646,90016.0
41650,User_41650,82629.0
41658,User_41658,88588.0
41660,User_41660,86462.0
41664,User_41664,66102.0
41670,User_41670,53506.0
41676,User_41676,67254.0
41678,User_41678,50159.0
41680,User_41680,91717.0
41682,User_41682,56265.0
41688,User_41688,76285.0
41694,User_41694,59809.0
41696,User_41696,88249.0
41706,User_41706,92768.0
41710,User_41710,83941.0
41716,User_41716,52842.0
41718,User_41718,75075.0
41720,User_41720,99614.0
41724,User_41724,77037.0
41726,User_41726,69828.0
41730,User_41730,89007.0
41732,User_41732,96493.0
41736,User_41736,66819.0
41738,User_41738,57430.0
41740,User_41740,98282.0
41744,User_41744,78419.0
41746,User_41746,84393.0
41748,User_41748,95040.0
41750,User_41750,75586.0
41752,User_41752,87680.0
41760,User_41760,60216.0
41762,User_41762,76505.0
41766,User_41766,86947.0
41768,User_41768,75105.0
41770,User_41770,50739.0
41774,User_41774,92293.0
41776,User_41776,52084.0
41778,User_41778,86468.0
41780,User_41780,51697.0
41786,User_41786,72913.0
41790,User_41790,72380.0
41796,User_41796,59521.0
41798,User_41798,54953.0
41800,User_41800,60036.0
41802,User_41802,73191.0
41804,User_41804,88182.0
41806,User_41806,64316.0
41812,User_41812,84273.0
41814,User_41814,94197.0
41816,User_41816,89780.0
41818,User_41818,75563.0
41820,User_41820,52037.0
41822,User_41822,64599.0
41824,User_41824,50152.0
41826,User_41826,54960.0
41830,User_41830,90505.0
41858,User_41858,73953.0
41862,User_41862,95961.0
41864,User_41864,65904.0
41868,User_41868,79968.0
41872,User_41872,64736.0
41876,User_41876,69135.0
41878,User_41878,50840.0
41882,User_41882,88407.0
41884,User_41884,50122.0
41886,User_41886,59583.0
41888,User_41888,74963.0
41892,User_41892,97135.0
41894,User_41894,50788.0
41896,User_41896,55359.0
41898,User_41898,58701.0
41902,User_41902,88410.0
41904,User_41904,50541.0
41908,User_41908,76745.0
41912,User_41912,53632.0
41914,User_41914,76630.0
41916,User_41916,91384.0
41918,User_41918,98171.0
41920,User_41920,51043.0
41922,User_41922,82397.0
41930,User_41930,91403.0
41932,User_41932,83087.0
41934,User_41934,66071.0
41938,User_41938,92863.0
41944,User_41944,81190.0
41946,User_41946,51687.0
41950,User_41950,92439.0
41952,User_41952,83790.0
41956,User_41956,96695.0
41958,User_41958,75400.0
41964,User_41964,90912.0
41966,User_41966,89028.0
41968,User_41968,94539.0
41972,User_41972,90998.0
41978,User_41978,91223.0
41982,User_41982,97228.0
41984,User_41984,96470.0
41986,User_41986,83284.0
41996,User_41996,59154.0
42000,User_42000,92927.0
42002,User_42002,93268.0
42006,User_42006,67142.0
42008,User_42008,51556.0
42010,User_42010,80610.0
42012,User_42012,91059.0
42014,User_42014,59356.0
42016,User_42016,68388.0
42024,User_42024,91629.0
42026,User_42026,69769.0
42028,User_42028,64896.0
42030,User_42030,98066.0
42034,User_42034,99155.0
42036,User_42036,76693.0
42040,User_42040,80965.0
42042,User_42042,76637.0
42044,User_42044,55386.0
42046,User_42046,85280.0
42050,User_42050,61649.0
42056,User_42056,70035.0
42060,User_42060,65387.0
42064,User_42064,65850.0
42066,User_42066,73229.0
42070,User_42070,73616.0
42072,User_42072,99188.0
42086,User_42086,52155.0
42088,User_42088,52555.0
42090,User_42090,95303.0
42094,User_42094,72213.0
42096,User_42096,53138.0
42100,User_42100,66272.0
42108,User_42108,51933.0
42110,User_42110,97994.0
42112,User_42112,84282.0
42114,User_42114,64977.0
42116,User_42116,58915.0
42118,User_42118,62214.0
42120,User_42120,96799.0
42128,User_42128,89415.0
42132,User_42132,91774.0
42138,User_42138,82757.0
42144,User_42144,81004.0
42148,User_42148,74281.0
42150,User_42150,80681.0
42154,User_42154,92613.0
42164,User_42164,62939.0
42168,User_42168,64174.0
42170,User_42170,80104.0
42172,User_42172,93026.0
42180,User_42180,59808.0
42182,User_42182,79612.0
42186,User_42186,60000.0
42188,User_42188,87542.0
42190,User_42190,90463.0
42192,User_42192,84995.0
42202,User_42202,72274.0
42208,User_42208,74151.0
42214,User_42214,95907.0
42216,User_42216,60615.0
42218,User_42218,62142.0
42222,User_42222,55013.0
42226,User_42226,89918.0
42232,User_42232,80717.0
42234,User_42234,81651.0
42240,User_42240,55518.0
42242,User_42242,87852.0
42244,User_42244,89675.0
42246,User_42246,86193.0
42250,User_42250,62756.0
42254,User_42254,53986.0
42256,User_42256,84610.0
42262,User_42262,52365.0
42272,User_42272,85047.0
42278,User_42278,56268.0
42286,User_42286,90440.0
42294,User_42294,77247.0
42300,User_42300,73190.0
42302,User_42302,81944.0
42304,User_42304,97525.0
42308,User_42308,85653.0
42312,User_42312,84470.0
42314,User_42314,57744.0
42316,User_42316,92044.0
42318,User_42318,87512.0
42322,User_42322,86146.0
42324,User_42324,80654.0
42326,User_42326,80761.0
42330,User_42330,53621.0
42336,User_42336,54028.0
42340,User_42340,91130.0
42342,User_42342,99840.0
42344,User_42344,97278.0
42346,User_42346,57071.0
42350,User_42350,98087.0
42352,User_42352,70676.0
42354,User_42354,95465.0
42358,User_42358,76962.0
42360,User_42360,68855.0
42368,User_42368,76113.0
42380,User_42380,69748.0
42384,User_42384,63373.0
42386,User_42386,58155.0
42390,User_42390,94319.0
42392,User_42392,83770.0
42396,User_42396,78695.0
42398,User_42398,87115.0
42400,User_42400,89695.0
42402,User_42402,61420.0
42404,User_42404,53711.0
42410,User_42410,55227.0
42412,User_42412,73833.0
42414,User_42414,71245.0
42416,User_42416,84639.0
42420,User_42420,51994.0
42422,User_42422,83513.0
42432,User_42432,76241.0
42444,User_42444,89537.0
42446,User_42446,64701.0
42450,User_42450,75763.0
42452,User_42452,95929.0
42460,User_42460,63051.0
42462,User_42462,91439.0
42468,User_42468,51395.0
42476,User_42476,52339.0
42480,User_42480,80236.0
42482,User_42482,81070.0
42488,User_42488,80924.0
42502,User_42502,76741.0
42504,User_42504,73238.0
42516,User_42516,52633.0
42520,User_42520,50047.0
42522,User_42522,84679.0
42528,User_42528,97463.0
42538,User_42538,79332.0
42542,User_42542,61864.0
42548,User_42548,97915.0
42552,User_42552,78310.0
42564,User_42564,54624.0
42570,User_42570,82370.0
42572,User_42572,95305.0
42578,User_42578,82601.0
42588,User_42588,96182.0
42594,User_42594,75750.0
42596,User_42596,92313.0
42602,User_42602,60835.0
42604,User_42604,92325.0
42606,User_42606,55463.0
42610,User_42610,67015.0
42614,User_42614,95910.0
42618,User_42618,55325.0
42620,User_42620,53388.0
42622,User_42622,97329.0
42628,User_42628,73345.0
42632,User_42632,73994.0
42646,User_42646,67043.0
42652,User_42652,79744.0
42656,User_42656,87309.0
42658,User_42658,54181.0
42660,User_42660,91236.0
42662,User_42662,96086.0
42664,User_42664,58035.0
42670,User_42670,66893.0
42676,User_42676,96543.0
42678,User_42678,52892.0
42680,User_42680,79301.0
42682,User_42682,71064.0
42684,User_42684,63020.0
42686,User_42686,83724.0
42688,User_42688,68638.0
42690,User_42690,55954.0
42700,User_42700,54211.0
42702,User_42702,68446.0
42706,User_42706,60594.0
42708,User_42708,53755.0
42714,User_42714,87723.0
42716,User_42716,94277.0
42720,User_42720,99305.0
42726,User_42726,94212.0
42732,User_42732,58680.0
42734,User_42734,79104.0
42742,User_42742,98745.0
42748,User_42748,94920.0
42752,User_42752,54794.0
42754,User_42754,89485.0
42756,User_42756,53807.0
42758,User_42758,85027.0
42762,User_42762,91418.0
42764,User_42764,63544.0
42766,User_42766,97636.0
42768,User_42768,82887.0
42770,User_42770,97005.0
42774,User_42774,66896.0
42776,User_42776,68847.0
42778,User_42778,54647.0
42782,User_42782,93316.0
42784,User_42784,99594.0
42786,User_42786,59574.0
42788,User_42788,96974.0
42790,User_42790,77573.0
42794,User_42794,82729.0
42802,User_42802,65586.0
42818,User_42818,72241.0
42822,User_42822,84309.0
42824,User_42824,76313.0
42826,User_42826,87277.0
42832,User_42832,59246.0
42834,User_42834,53488.0
42836,User_42836,78481.0
42838,User_42838,63163.0
42844,User_42844,98273.0
42846,User_42846,65196.0
42848,User_42848,64974.0
42852,User_42852,86152.0
42858,User_42858,91823.0
42860,User_42860,79990.0
42862,User_42862,83935.0
42876,User_42876,88871.0
42878,User_42878,58255.0
42882,User_42882,78545.0
42884,User_42884,94560.0
42886,User_42886,63487.0
42888,User_42888,91032.0
42894,User_42894,73857.0
42896,User_42896,65972.0
42898,User_42898,87651.0
42900,User_42900,50430.0
42904,User_42904,74225.0
42906,User_42906,60467.0
42910,User_42910,63459.0
42914,User_42914,67247.0
42918,User_42918,91620.0
42922,User_42922,82104.0
42924,User_42924,71231.0
42930,User_42930,93222.0
42932,User_42932,91961.0
42936,User_42936,91175.0
42942,User_42942,86623.0
42944,User_42944,94785.0
42946,User_42946,76504.0
42954,User_42954,56514.0
42956,User_42956,51975.0
42958,User_42958,70185.0
42960,User_42960,52766.0
42964,User_42964,92432.0
42966,User_42966,63477.0
42968,User_42968,96287.0
42974,User_42974,71552.0
42976,User_42976,66135.0
42978,User_42978,94462.0
42980,User_42980,79712.0
42982,User_42982,58421.0
42986,User_42986,94953.0
42994,User_42994,92795.0
42996,User_42996,51116.0
43000,User_43000,78488.0
43004,User_43004,76866.0
43010,User_43010,94724.0
43014,User_43014,65528.0
43026,User_43026,69226.0
43028,User_43028,71977.0
43030,User_43030,54603.0
43032,User_43032,51900.0
43036,User_43036,93910.0
43038,User_43038,59479.0
43040,User_43040,82957.0
43044,User_43044,83948.0
43050,User_43050,80330.0
43052,User_43052,56820.0
43056,User_43056,95298.0
43058,User_43058,93525.0
43064,User_43064,66998.0
43066,User_43066,64153.0
43068,User_43068,64690.0
43070,User_43070,79944.0
43072,User_43072,55858.0
43080,User_43080,75156.0
43082,User_43082,95666.0
43084,User_43084,86675.0
43096,User_43096,73867.0
43102,User_43102,55405.0
43104,User_43104,84160.0
43108,User_43108,71140.0
43114,User_43114,78888.0
43118,User_43118,65403.0
43124,User_43124,66159.0
43126,User_43126,76299.0
43130,User_43130,92167.0
43132,User_43132,87307.0
43134,User_43134,91629.0
43136,User_43136,85655.0
43138,User_43138,91931.0
43142,User_43142,62486.0
43144,User_43144,84653.0
43152,User_43152,78097.0
43156,User_43156,65254.0
43160,User_43160,57465.0
43164,User_43164,64368.0
43166,User_43166,63355.0
43178,User_43178,52463.0
43188,User_43188,63760.0
43192,User_43192,78534.0
43208,User_43208,79085.0
43210,User_43210,67426.0
43212,User_43212,69826.0
43218,User_43218,83408.0
43220,User_43220,92764.0
43234,User_43234,82167.0
43242,User_43242,61020.0
43250,User_43250,55610.0
43252,User_43252,70438.0
43254,User_43254,96135.0
43260,User_43260,86713.0
43262,User_43262,79408.0
43266,User_43266,72816.0
43268,User_43268,92142.0
43270,User_43270,57642.0
43276,User_43276,74119.0
43280,User_43280,92338.0
43282,User_43282,91230.0
43284,User_43284,55927.0
43290,User_43290,95032.0
43292,User_43292,58416.0
43294,User_43294,55306.0
43300,User_43300,90659.0
43302,User_43302,90930.0
43304,User_43304,86701.0
43308,User_43308,55411.0
43310,User_43310,77778.0
43312,User_43312,97974.0
43314,User_43314,75987.0
43316,User_43316,80288.0
43320,User_43320,54789.0
43326,User_43326,96075.0
43328,User_43328,78337.0
43330,User_43330,94289.0
43332,User_43332,95883.0
43334,User_43334,99226.0
43340,User_43340,86700.0
43344,User_43344,63429.0
43346,User_43346,75550.0
43352,User_43352,60096.0
43354,User_43354,78736.0
43356,User_43356,95829.0
43364,User_43364,72022.0
43368,User_43368,81632.0
43374,User_43374,86058.0
43376,User_43376,64537.0
43378,User_43378,55540.0
43380,User_43380,83268.0
43392,User_43392,57493.0
43398,User_43398,85476.0
43402,User_43402,93861.0
43408,User_43408,63043.0
43410,User_43410,65086.0
43416,User_43416,58304.0
43422,User_43422,82360.0
43424,User_43424,58483.0
43426,User_43426,51585.0
43428,User_43428,53122.0
43430,User_43430,74589.0
43432,User_43432,89067.0
43434,User_43434,74927.0
43436,User_43436,85133.0
43438,User_43438,62399.0
43450,User_43450,68633.0
43452,User_43452,81950.0
43456,User_43456,95444.0
43458,User_43458,68959.0
43462,User_43462,81716.0
43466,User_43466,67029.0
43470,User_43470,66522.0
43478,User_43478,60984.0
43484,User_43484,53547.0
43486,User_43486,86882.0
43492,User_43492,62632.0
43502,User_43502,69686.0
43504,User_43504,99012.0
43508,User_43508,55487.0
43512,User_43512,57103.0
43516,User_43516,74962.0
43518,User_43518,69726.0
43522,User_43522,69079.0
43524,User_43524,66564.0
43526,User_43526,69185.0
43528,User_43528,94920.0
43540,User_43540,55809.0
43542,User_43542,68297.0
43544,User_43544,80157.0
43546,User_43546,65313.0
43548,User_43548,52339.0
43552,User_43552,88128.0
43558,User_43558,87272.0
43566,User_43566,95385.0
43568,User_43568,80241.0
43574,User_43574,84776.0
43576,User_43576,55800.0
43580,User_43580,81753.0
43586,User_43586,97756.0
43592,User_43592,69875.0
43610,User_43610,99738.0
43612,User_43612,59684.0
43614,User_43614,92760.0
43616,User_43616,88111.0
43620,User_43620,76996.0
43626,User_43626,94806.0
43634,User_43634,94748.0
43642,User_43642,52673.0
43644,User_43644,63805.0
43646,User_43646,51520.0
43648,User_43648,76243.0
43650,User_43650,70202.0
43652,User_43652,92317.0
43662,User_43662,76920.0
43664,User_43664,50860.0
43668,User_43668,58477.0
43670,User_43670,54911.0
43672,User_43672,99801.0
43674,User_43674,50301.0
43680,User_43680,73022.0
43692,User_43692,65918.0
43694,User_43694,88951.0
43698,User_43698,73309.0
43702,User_43702,73309.0
43706,User_43706,92731.0
43708,User_43708,83965.0
43712,User_43712,84614.0
43714,User_43714,53742.0
43716,User_43716,62046.0
43718,User_43718,81233.0
43720,User_43720,70166.0
43724,User_43724,51660.0
43728,User_43728,93189.0
43730,User_43730,81009.0
43734,User_43734,85604.0
43736,User_43736,92144.0
43744,User_43744,65745.0
43750,User_43750,51315.0
43752,User_43752,75033.0
43754,User_43754,89040.0
43760,User_43760,59108.0
43762,User_43762,68967.0
43764,User_43764,84329.0
43768,User_43768,98358.0
43770,User_43770,66819.0
43778,User_43778,53339.0
43784,User_43784,91707.0
43786,User_43786,59888.0
43788,User_43788,99854.0
43794,User_43794,92034.0
43800,User_43800,74019.0
43802,User_43802,58125.0
43808,User_43808,99488.0
43810,User_43810,90860.0
43812,User_43812,92481.0
43820,User_43820,77751.0
43826,User_43826,79737.0
43828,User_43828,88603.0
43830,User_43830,83593.0
43836,User_43836,51358.0
43842,User_43842,93534.0
43850,User_43850,84357.0
43852,User_43852,76447.0
43856,User_43856,79636.0
43858,User_43858,97647.0
43860,User_43860,82739.0
43862,User_43862,96623.0
43864,User_43864,87959.0
43866,User_43866,50930.0
43876,User_43876,75004.0
43882,User_43882,61485.0
43884,User_43884,80690.0
43894,User_43894,91786.0
43896,User_43896,68838.0
43902,User_43902,74922.0
43908,User_43908,76443.0
43910,User_43910,63628.0
43916,User_43916,84317.0
43918,User_43918,75438.0
43920,User_43920,61328.0
43926,User_43926,52703.0
43930,User_43930,94604.0
43932,User_43932,84628.0
43934,User_43934,80188.0
43938,User_43938,97684.0
43942,User_43942,96566.0
43944,User_43944,69023.0
43946,User_43946,55730.0
43950,User_43950,78137.0
43952,User_43952,97843.0
43954,User_43954,67494.0
43956,User_43956,84719.0
43958,User_43958,60403.0
43960,User_43960,62037.0
43962,User_43962,99667.0
43972,User_43972,99302.0
43974,User_43974,93559.0
43978,User_43978,55019.0
43984,User_43984,79274.0
43986,User_43986,63070.0
43990,User_43990,97705.0
43992,User_43992,87995.0
43994,User_43994,93288.0
43996,User_43996,61168.0
43998,User_43998,61867.0
44000,User_44000,83651.0
44006,User_44006,67276.0
44012,User_44012,60836.0
44014,User_44014,60483.0
44018,User_44018,56413.0
44038,User_44038,94207.0
44040,User_44040,92114.0
44042,User_44042,63741.0
44044,User_44044,79437.0
44046,User_44046,55304.0
44048,User_44048,85806.0
44050,User_44050,85349.0
44052,User_44052,58646.0
44058,User_44058,77904.0
44060,User_44060,55480.0
44064,User_44064,62329.0
44066,User_44066,54060.0
44070,User_44070,74042.0
44074,User_44074,65212.0
44076,User_44076,75583.0
44078,User_44078,63174.0
44080,User_44080,65499.0
44086,User_44086,64545.0
44088,User_44088,82014.0
44090,User_44090,94119.0
44092,User_44092,71349.0
44096,User_44096,82292.0
44098,User_44098,80170.0
44100,User_44100,95432.0
44104,User_44104,77367.0
44110,User_44110,58228.0
44112,User_44112,95242.0
44116,User_44116,69769.0
44118,User_44118,51476.0
44122,User_44122,53676.0
44124,User_44124,51202.0
44126,User_44126,91122.0
44128,User_44128,63805.0
44130,User_44130,64756.0
44134,User_44134,62480.0
44136,User_44136,75215.0
44138,User_44138,94714.0
44144,User_44144,96586.0
44146,User_44146,57172.0
44150,User_44150,60153.0
44152,User_44152,68681.0
44154,User_44154,98442.0
44156,User_44156,86853.0
44162,User_44162,83744.0
44164,User_44164,87028.0
44166,User_44166,81302.0
44168,User_44168,53339.0
44170,User_44170,89855.0
44176,User_44176,86487.0
44178,User_44178,82981.0
44184,User_44184,75307.0
44188,User_44188,56862.0
44190,User_44190,67117.0
44192,User_44192,69797.0
44196,User_44196,72289.0
44206,User_44206,52611.0
44210,User_44210,99277.0
44212,User_44212,69671.0
44216,User_44216,61658.0
44218,User_44218,96388.0
44232,User_44232,95154.0
44234,User_44234,64154.0
44236,User_44236,80881.0
44238,User_44238,71100.0
44242,User_44242,68213.0
44244,User_44244,69943.0
44246,User_44246,60682.0
44248,User_44248,94904.0
44250,User_44250,95660.0
44262,User_44262,90826.0
44268,User_44268,89663.0
44270,User_44270,50873.0
44274,User_44274,70594.0
44276,User_44276,91568.0
44282,User_44282,57730.0
44288,User_44288,98812.0
44294,User_44294,90627.0
44300,User_44300,55410.0
44304,User_44304,81220.0
44306,User_44306,84872.0
44310,User_44310,57467.0
44312,User_44312,97851.0
44316,User_44316,82850.0
44320,User_44320,50420.0
44322,User_44322,78582.0
44328,User_44328,63036.0
44330,User_44330,97094.0
44338,User_44338,92876.0
44348,User_44348,68650.0
44350,User_44350,75145.0
44352,User_44352,97118.0
44354,User_44354,51024.0
44356,User_44356,78417.0
44358,User_44358,89636.0
44360,User_44360,99296.0
44362,User_44362,52633.0
44364,User_44364,67333.0
44370,User_44370,54403.0
44372,User_44372,71675.0
44374,User_44374,61532.0
44380,User_44380,91507.0
44382,User_44382,72677.0
44390,User_44390,82556.0
44392,User_44392,73130.0
44394,User_44394,89823.0
44396,User_44396,56656.0
44400,User_44400,51355.0
44410,User_44410,51063.0
44416,User_44416,68256.0
44424,User_44424,62270.0
44426,User_44426,69814.0
44438,User_44438,92340.0
44442,User_44442,81618.0
44444,User_44444,54960.0
44446,User_44446,57686.0
44448,User_44448,99873.0
44450,User_44450,63425.0
44452,User_44452,99423.0
44456,User_44456,56611.0
44460,User_44460,80519.0
44472,User_44472,96529.0
44474,User_44474,70163.0
44480,User_44480,92917.0
44486,User_44486,79419.0
44488,User_44488,97906.0
44490,User_44490,85393.0
44492,User_44492,92816.0
44496,User_44496,62117.0
44500,User_44500,53558.0
44502,User_44502,55755.0
44504,User_44504,66057.0
44506,User_44506,69727.0
44508,User_44508,80093.0
44512,User_44512,76895.0
44516,User_44516,75647.0
44528,User_44528,66063.0
44530,User_44530,57908.0
44536,User_44536,90086.0
44538,User_44538,90537.0
44540,User_44540,73565.0
44542,User_44542,84931.0
44550,User_44550,89591.0
44552,User_44552,86579.0
44554,User_44554,71355.0
44560,User_44560,59169.0
44562,User_44562,62475.0
44564,User_44564,63460.0
44572,User_44572,74763.0
44574,User_44574,69679.0
44576,User_44576,80685.0
44578,User_44578,62316.0
44580,User_44580,65854.0
44588,User_44588,84621.0
44590,User_44590,70667.0
44592,User_44592,55001.0
44596,User_44596,72284.0
44598,User_44598,55789.0
44600,User_44600,83657.0
44604,User_44604,73807.0
44606,User_44606,98743.0
44608,User_44608,82593.0
44612,User_44612,92190.0
44614,User_44614,85969.0
44618,User_44618,56794.0
44620,User_44620,64145.0
44624,User_44624,76281.0
44634,User_44634,73318.0
44636,User_44636,86266.0
44642,User_44642,76830.0
44650,User_44650,76084.0
44652,User_44652,95721.0
44654,User_44654,67316.0
44658,User_44658,70210.0
44660,User_44660,97166.0
44664,User_44664,84292.0
44666,User_44666,71867.0
44670,User_44670,81834.0
44672,User_44672,79259.0
44678,User_44678,51190.0
44684,User_44684,59546.0
44686,User_44686,83736.0
44688,User_44688,61980.0
44690,User_44690,97225.0
44694,User_44694,71222.0
44702,User_44702,65938.0
44704,User_44704,50879.0
44714,User_44714,83057.0
44718,User_44718,79202.0
44720,User_44720,87028.0
44724,User_44724,56942.0
44726,User_44726,70527.0
44734,User_44734,96219.0
44736,User_44736,56522.0
44738,User_44738,60419.0
44742,User_44742,63184.0
44744,User_44744,57580.0
44746,User_44746,86382.0
44752,User_44752,70807.0
44758,User_44758,51808.0
44760,User_44760,72315.0
44762,User_44762,56281.0
44766,User_44766,69584.0
44772,User_44772,78937.0
44774,User_44774,88277.0
44778,User_44778,61269.0
44786,User_44786,74237.0
44794,User_44794,52062.0
44796,User_44796,73276.0
44798,User_44798,58355.0
44802,User_44802,90528.0
44804,User_44804,60751.0
44806,User_44806,72202.0
44808,User_44808,74880.0
44814,User_44814,54603.0
44816,User_44816,64800.0
44818,User_44818,58514.0
44822,User_44822,75911.0
44824,User_44824,60688.0
44826,User_44826,86245.0
44828,User_44828,83874.0
44832,User_44832,99512.0
44834,User_44834,61987.0
44836,User_44836,62172.0
44844,User_44844,57255.0
44846,User_44846,63546.0
44848,User_44848,69932.0
44852,User_44852,83861.0
44854,User_44854,58523.0
44860,User_44860,72283.0
44866,User_44866,88152.0
44872,User_44872,68302.0
44878,User_44878,66828.0
44880,User_44880,55081.0
44882,User_44882,52418.0
44886,User_44886,79731.0
44888,User_44888,90717.0
44890,User_44890,88918.0
44892,User_44892,95158.0
44898,User_44898,66791.0
44900,User_44900,72145.0
44902,User_44902,70059.0
44904,User_44904,59685.0
44906,User_44906,78138.0
44908,User_44908,84231.0
44914,User_44914,99704.0
44916,User_44916,55386.0
44922,User_44922,98731.0
44924,User_44924,98119.0
44928,User_44928,73047.0
44932,User_44932,74801.0
44934,User_44934,83951.0
44940,User_44940,95911.0
44942,User_44942,95932.0
44944,User_44944,54971.0
44952,User_44952,73586.0
44956,User_44956,72583.0
44964,User_44964,93378.0
44966,User_44966,56918.0
44968,User_44968,81507.0
44978,User_44978,75494.0
44982,User_44982,61009.0
44986,User_44986,59545.0
44990,User_44990,58352.0
44992,User_44992,58926.0
44996,User_44996,65403.0
45008,User_45008,85043.0
45012,User_45012,57514.0
45014,User_45014,98737.0
45016,User_45016,57205.0
45020,User_45020,70166.0
45022,User_45022,54870.0
45024,User_45024,95208.0
45030,User_45030,96661.0
45032,User_45032,67029.0
45034,User_45034,92171.0
45038,User_45038,69859.0
45040,User_45040,62613.0
45044,User_45044,98402.0
45046,User_45046,98091.0
45048,User_45048,91162.0
45054,User_45054,66508.0
45064,User_45064,92336.0
45066,User_45066,94704.0
45076,User_45076,75875.0
45078,User_45078,76757.0
45084,User_45084,89495.0
45086,User_45086,74005.0
45090,User_45090,78956.0
45092,User_45092,71578.0
45100,User_45100,58661.0
45106,User_45106,52484.0
45110,User_45110,65773.0
45116,User_45116,56396.0
45118,User_45118,60891.0
45124,User_45124,55596.0
45128,User_45128,69184.0
45130,User_45130,54516.0
45134,User_45134,94779.0
45136,User_45136,55737.0
45140,User_45140,62068.0
45146,User_45146,98384.0
45148,User_45148,58238.0
45150,User_45150,54560.0
45154,User_45154,73180.0
45156,User_45156,50361.0
45166,User_45166,57500.0
45168,User_45168,77329.0
45172,User_45172,97061.0
45178,User_45178,78841.0
45186,User_45186,92270.0
45190,User_45190,99818.0
45194,User_45194,95095.0
45198,User_45198,63844.0
45208,User_45208,84585.0
45214,User_45214,98149.0
45218,User_45218,93654.0
45222,User_45222,74851.0
45224,User_45224,52928.0
45226,User_45226,98157.0
45230,User_45230,69677.0
45232,User_45232,52946.0
45238,User_45238,81429.0
45246,User_45246,92180.0
45248,User_45248,94094.0
45260,User_45260,92042.0
45262,User_45262,73607.0
45266,User_45266,52750.0
45274,User_45274,99691.0
45276,User_45276,67220.0
45278,User_45278,91866.0
45280,User_45280,69085.0
45284,User_45284,95982.0
45286,User_45286,55474.0
45290,User_45290,96747.0
45300,User_45300,85825.0
45302,User_45302,57798.0
45304,User_45304,57326.0
45318,User_45318,66013.0
45320,User_45320,50928.0
45324,User_45324,86853.0
45326,User_45326,55898.0
45332,User_45332,80068.0
45336,User_45336,89597.0
45338,User_45338,84232.0
45342,User_45342,60906.0
45346,User_45346,84278.0
45350,User_45350,64695.0
45352,User_45352,93965.0
45354,User_45354,87381.0
45356,User_45356,74497.0
45360,User_45360,68915.0
45362,User_45362,55780.0
45364,User_45364,54101.0
45366,User_45366,62379.0
45370,User_45370,68085.0
45384,User_45384,50926.0
45388,User_45388,84234.0
45392,User_45392,83138.0
45394,User_45394,51403.0
45396,User_45396,93750.0
45400,User_45400,73894.0
45402,User_45402,86733.0
45406,User_45406,76540.0
45408,User_45408,98855.0
45410,User_45410,90314.0
45414,User_45414,63372.0
45416,User_45416,90387.0
45418,User_45418,68358.0
45420,User_45420,82499.0
45422,User_45422,74109.0
45424,User_45424,78562.0
45428,User_45428,84439.0
45430,User_45430,91482.0
45432,User_45432,81368.0
45438,User_45438,92928.0
45440,User_45440,89133.0
45448,User_45448,64084.0
45450,User_45450,87051.0
45452,User_45452,92135.0
45454,User_45454,60222.0
45458,User_45458,67463.0
45460,User_45460,80288.0
45466,User_45466,88226.0
45472,User_45472,96561.0
45474,User_45474,79965.0
45478,User_45478,66194.0
45484,User_45484,96113.0
45488,User_45488,53393.0
45490,User_45490,65360.0
45492,User_45492,64525.0
45502,User_45502,75016.0
45504,User_45504,67996.0
45512,User_45512,95329.0
45514,User_45514,59265.0
45516,User_45516,70005.0
45518,User_45518,77537.0
45520,User_45520,97836.0
45528,User_45528,72840.0
45530,User_45530,62919.0
45534,User_45534,78365.0
45536,User_45536,73779.0
45544,User_45544,86862.0
45546,User_45546,96823.0
45550,User_45550,58854.0
45552,User_45552,96126.0
45554,User_45554,63326.0
45558,User_45558,59402.0
45562,User_45562,96920.0
45564,User_45564,72542.0
45568,User_45568,56557.0
45574,User_45574,62943.0
45576,User_45576,60246.0
45578,User_45578,51743.0
45582,User_45582,66539.0
45588,User_45588,76947.0
45590,User_45590,85136.0
45592,User_45592,73651.0
45598,User_45598,96911.0
45600,User_45600,76060.0
45604,User_45604,58298.0
45610,User_45610,91491.0
45612,User_45612,56730.0
45614,User_45614,63014.0
45618,User_45618,99067.0
45622,User_45622,73359.0
45624,User_45624,91060.0
45626,User_45626,60316.0
45628,User_45628,88444.0
45630,User_45630,98382.0
45632,User_45632,59754.0
45634,User_45634,70053.0
45636,User_45636,89669.0
45640,User_45640,91549.0
45642,User_45642,56097.0
45646,User_45646,87156.0
45648,User_45648,84370.0
45652,User_45652,62898.0
45656,User_45656,52580.0
45658,User_45658,72688.0
45660,User_45660,63545.0
45666,User_45666,73071.0
45668,User_45668,81784.0
45670,User_45670,93600.0
45672,User_45672,93137.0
45674,User_45674,81068.0
45686,User_45686,82114.0
45690,User_45690,94532.0
45694,User_45694,90435.0
45698,User_45698,54855.0
45704,User_45704,54919.0
45706,User_45706,89334.0
45710,User_45710,81722.0
45712,User_45712,85431.0
45714,User_45714,60241.0
45716,User_45716,86067.0
45718,User_45718,74371.0
45720,User_45720,50108.0
45722,User_45722,85420.0
45732,User_45732,68636.0
45734,User_45734,55536.0
45736,User_45736,63390.0
45740,User_45740,85194.0
45746,User_45746,58765.0
45748,User_45748,71195.0
45760,User_45760,61560.0
45762,User_45762,71225.0
45768,User_45768,76343.0
45770,User_45770,58530.0
45772,User_45772,69220.0
45776,User_45776,84184.0
45782,User_45782,57389.0
45786,User_45786,58893.0
45794,User_45794,53878.0
45796,User_45796,72551.0
45798,User_45798,70667.0
45804,User_45804,68380.0
45810,User_45810,76255.0
45812,User_45812,81877.0
45814,User_45814,62231.0
45818,User_45818,80522.0
45820,User_45820,82479.0
45826,User_45826,54958.0
45828,User_45828,69431.0
45832,User_45832,96014.0
45836,User_45836,99779.0
45838,User_45838,99626.0
45842,User_45842,60539.0
45844,User_45844,95008.0
45848,User_45848,76186.0
45852,User_45852,92441.0
45858,User_45858,56847.0
45860,User_45860,68363.0
45862,User_45862,78882.0
45864,User_45864,58609.0
45866,User_45866,53204.0
45868,User_45868,72962.0
45870,User_45870,81796.0
45872,User_45872,68077.0
45874,User_45874,73367.0
45876,User_45876,54024.0
45880,User_45880,63789.0
45884,User_45884,71195.0
45894,User_45894,51597.0
45902,User_45902,94093.0
45904,User_45904,70011.0
45906,User_45906,76862.0
45908,User_45908,86082.0
45912,User_45912,56206.0
45916,User_45916,67631.0
45920,User_45920,58280.0
45922,User_45922,71837.0
45928,User_45928,72290.0
45932,User_45932,62537.0
45934,User_45934,92772.0
45940,User_45940,76172.0
45944,User_45944,88413.0
45946,User_45946,96001.0
45948,User_45948,73323.0
45950,User_45950,78080.0
45960,User_45960,73916.0
45964,User_45964,60935.0
45966,User_45966,95764.0
45968,User_45968,51881.0
45970,User_45970,56409.0
45974,User_45974,90669.0
45986,User_45986,53699.0
45988,User_45988,68237.0
45992,User_45992,61922.0
45994,User_45994,90634.0
46000,User_46000,51179.0
46004,User_46004,56306.0
46008,User_46008,67970.0
46010,User_46010,78073.0
46020,User_46020,79432.0
46022,User_46022,83166.0
46024,User_46024,52179.0
46034,User_46034,71840.0
46036,User_46036,77128.0
46038,User_46038,69651.0
46044,User_46044,59307.0
46054,User_46054,87466.0
46056,User_46056,70481.0
46060,User_46060,71679.0
46066,User_46066,85472.0
46068,User_46068,97697.0
46084,User_46084,60257.0
46088,User_46088,95178.0
46090,User_46090,88596.0
46094,User_46094,97453.0
46100,User_46100,55906.0
46104,User_46104,60082.0
46110,User_46110,71825.0
46112,User_46112,65803.0
46114,User_46114,76764.0
46116,User_46116,52520.0
46118,User_46118,82462.0
46120,User_46120,66692.0
46122,User_46122,86777.0
46128,User_46128,50754.0
46130,User_46130,97837.0
46132,User_46132,57475.0
46136,User_46136,88973.0
46138,User_46138,56544.0
46142,User_46142,52701.0
46148,User_46148,93066.0
46150,User_46150,87922.0
46156,User_46156,71126.0
46158,User_46158,71914.0
46160,User_46160,56432.0
46162,User_46162,77276.0
46166,User_46166,78246.0
46168,User_46168,61481.0
46176,User_46176,51370.0
46182,User_46182,55527.0
46184,User_46184,55623.0
46188,User_46188,64606.0
46194,User_46194,86601.0
46196,User_46196,56871.0
46200,User_46200,69379.0
46202,User_46202,85003.0
46210,User_46210,71507.0
46212,User_46212,89354.0
46214,User_46214,70338.0
46218,User_46218,80796.0
46222,User_46222,99885.0
46224,User_46224,53828.0
46226,User_46226,56328.0
46234,User_46234,97735.0
46236,User_46236,70337.0
46240,User_46240,58392.0
46254,User_46254,56289.0
46256,User_46256,97830.0
46258,User_46258,56803.0
46270,User_46270,61391.0
46276,User_46276,79833.0
46280,User_46280,66364.0
46284,User_46284,51186.0
46292,User_46292,82798.0
46294,User_46294,66130.0
46296,User_46296,59456.0
46298,User_46298,86807.0
46302,User_46302,82672.0
46304,User_46304,91152.0
46306,User_46306,78424.0
46308,User_46308,69792.0
46316,User_46316,76903.0
46318,User_46318,78507.0
46320,User_46320,99987.0
46326,User_46326,65282.0
46328,User_46328,93252.0
46334,User_46334,99013.0
46352,User_46352,79413.0
46360,User_46360,78577.0
46366,User_46366,89888.0
46386,User_46386,82180.0
46396,User_46396,55302.0
46400,User_46400,75901.0
46404,User_46404,52104.0
46406,User_46406,58877.0
46408,User_46408,99017.0
46410,User_46410,98555.0
46412,User_46412,94328.0
46416,User_46416,83251.0
46418,User_46418,59117.0
46422,User_46422,63777.0
46432,User_46432,67227.0
46436,User_46436,55288.0
46442,User_46442,57928.0
46444,User_46444,53012.0
46448,User_46448,90050.0
46450,User_46450,72062.0
46456,User_46456,79519.0
46458,User_46458,82877.0
46460,User_46460,61552.0
46464,User_46464,64354.0
46474,User_46474,53764.0
46476,User_46476,83771.0
46478,User_46478,67730.0
46486,User_46486,60761.0
46498,User_46498,56513.0
46504,User_46504,70135.0
46512,User_46512,80778.0
46518,User_46518,87654.0
46520,User_46520,60046.0
46524,User_46524,64931.0
46526,User_46526,77315.0
46528,User_46528,61628.0
46534,User_46534,60890.0
46540,User_46540,95654.0
46546,User_46546,56989.0
46548,User_46548,71404.0
46550,User_46550,90340.0
46552,User_46552,98914.0
46554,User_46554,62644.0
46556,User_46556,70266.0
46558,User_46558,59789.0
46560,User_46560,82045.0
46566,User_46566,67604.0
46568,User_46568,55812.0
46570,User_46570,97996.0
46574,User_46574,85852.0
46578,User_46578,62714.0
46586,User_46586,96780.0
46588,User_46588,87643.0
46596,User_46596,58883.0
46604,User_46604,59675.0
46612,User_46612,66845.0
46616,User_46616,50365.0
46618,User_46618,54719.0
46620,User_46620,96354.0
46622,User_46622,50511.0
46624,User_46624,97038.0
46626,User_46626,70832.0
46628,User_46628,79407.0
46632,User_46632,53442.0
46634,User_46634,59157.0
46636,User_46636,61956.0
46638,User_46638,77502.0
46640,User_46640,81127.0
46648,User_46648,58762.0
46652,User_46652,93093.0
46658,User_46658,98433.0
46664,User_46664,66368.0
46666,User_46666,56930.0
46668,User_46668,54364.0
46670,User_46670,58922.0
46672,User_46672,98842.0
46678,User_46678,92978.0
46682,User_46682,83872.0
46688,User_46688,60934.0
46690,User_46690,80048.0
46700,User_46700,55874.0
46702,User_46702,89394.0
46704,User_46704,78545.0
46708,User_46708,83292.0
46710,User_46710,71698.0
46712,User_46712,95471.0
46714,User_46714,54795.0
46716,User_46716,69324.0
46720,User_46720,65305.0
46724,User_46724,65385.0
46734,User_46734,93472.0
46736,User_46736,79601.0
46738,User_46738,89685.0
46742,User_46742,70486.0
46746,User_46746,61457.0
46752,User_46752,96927.0
46756,User_46756,61254.0
46758,User_46758,94456.0
46760,User_46760,59711.0
46762,User_46762,94113.0
46768,User_46768,66608.0
46770,User_46770,85730.0
46774,User_46774,90255.0
46778,User_46778,92635.0
46780,User_46780,77088.0
46782,User_46782,80008.0
46786,User_46786,67319.0
46788,User_46788,74745.0
46792,User_46792,92580.0
46794,User_46794,98104.0
46796,User_46796,83841.0
46800,User_46800,67382.0
46804,User_46804,80740.0
46810,User_46810,75637.0
46816,User_46816,94017.0
46826,User_46826,76390.0
46828,User_46828,92862.0
46832,User_46832,55060.0
46840,User_46840,52260.0
46844,User_46844,56053.0
46850,User_46850,85108.0
46856,User_46856,89493.0
46862,User_46862,52948.0
46864,User_46864,78008.0
46866,User_46866,71884.0
46868,User_46868,82737.0
46872,User_46872,67543.0
46874,User_46874,82526.0
46882,User_46882,93299.0
46894,User_46894,59132.0
46896,User_46896,60437.0
46902,User_46902,54920.0
46904,User_46904,64811.0
46906,User_46906,87708.0
46910,User_46910,83760.0
46912,User_46912,73351.0
46926,User_46926,93268.0
46928,User_46928,60245.0
46930,User_46930,61551.0
46934,User_46934,96244.0
46938,User_46938,92621.0
46940,User_46940,67384.0
46946,User_46946,56552.0
46950,User_46950,68553.0
46952,User_46952,67119.0
46956,User_46956,92612.0
46964,User_46964,66388.0
46966,User_46966,59576.0
46972,User_46972,74233.0
46978,User_46978,80265.0
46982,User_46982,99597.0
46984,User_46984,71232.0
46986,User_46986,50590.0
46988,User_46988,67108.0
46996,User_46996,80256.0
46998,User_46998,99387.0
47002,User_47002,76094.0
47006,User_47006,90377.0
47014,User_47014,91193.0
47020,User_47020,72996.0
47028,User_47028,68149.0
47036,User_47036,75250.0
47040,User_47040,97052.0
47042,User_47042,95907.0
47046,User_47046,69620.0
47050,User_47050,95420.0
47054,User_47054,93252.0
47056,User_47056,65623.0
47060,User_47060,60129.0
47062,User_47062,59310.0
47066,User_47066,97568.0
47068,User_47068,97906.0
47074,User_47074,63171.0
47080,User_47080,59223.0
47086,User_47086,75192.0
47088,User_47088,67026.0
47092,User_47092,93792.0
47094,User_47094,81349.0
47096,User_47096,84646.0
47098,User_47098,79519.0
47110,User_47110,96878.0
47112,User_47112,58179.0
47120,User_47120,55721.0
47122,User_47122,58321.0
47126,User_47126,57036.0
47128,User_47128,73611.0
47132,User_47132,97151.0
47134,User_47134,97062.0
47136,User_47136,75272.0
47140,User_47140,69221.0
47142,User_47142,76999.0
47146,User_47146,79558.0
47148,User_47148,64403.0
47156,User_47156,63008.0
47158,User_47158,62088.0
47164,User_47164,65956.0
47170,User_47170,80285.0
47172,User_47172,86313.0
47174,User_47174,73611.0
47176,User_47176,86643.0
47188,User_47188,85030.0
47190,User_47190,81487.0
47198,User_47198,59862.0
47200,User_47200,50229.0
47204,User_47204,74892.0
47206,User_47206,52637.0
47214,User_47214,95772.0
47216,User_47216,58337.0
47218,User_47218,71048.0
47220,User_47220,64872.0
47232,User_47232,84538.0
47234,User_47234,56389.0
47242,User_47242,70041.0
47246,User_47246,56359.0
47250,User_47250,64139.0
47254,User_47254,65207.0
47256,User_47256,60698.0
47264,User_47264,87183.0
47268,User_47268,77453.0
47272,User_47272,92785.0
47274,User_47274,52672.0
47290,User_47290,71079.0
47294,User_47294,74650.0
47300,User_47300,74308.0
47302,User_47302,75071.0
47308,User_47308,85798.0
47312,User_47312,67054.0
47314,User_47314,60504.0
47320,User_47320,64076.0
47322,User_47322,75588.0
47324,User_47324,73443.0
47326,User_47326,82445.0
47328,User_47328,76228.0
47332,User_47332,87846.0
47334,User_47334,89929.0
47340,User_47340,85454.0
47344,User_47344,95282.0
47346,User_47346,94734.0
47348,User_47348,95928.0
47350,User_47350,61193.0
47354,User_47354,80739.0
47358,User_47358,92346.0
47360,User_47360,81130.0
47368,User_47368,87006.0
47370,User_47370,83149.0
47372,User_47372,94719.0
47374,User_47374,68671.0
47376,User_47376,79521.0
47380,User_47380,96062.0
47382,User_47382,56370.0
47390,User_47390,95624.0
47392,User_47392,50573.0
47394,User_47394,65330.0
47398,User_47398,68405.0
47402,User_47402,97527.0
47406,User_47406,91543.0
47410,User_47410,85247.0
47418,User_47418,77309.0
47420,User_47420,53038.0
47424,User_47424,90548.0
47426,User_47426,66127.0
47432,User_47432,86058.0
47434,User_47434,55199.0
47436,User_47436,64746.0
47438,User_47438,62926.0
47440,User_47440,59030.0
47442,User_47442,83968.0
47448,User_47448,64675.0
47450,User_47450,55698.0
47454,User_47454,72762.0
47464,User_47464,83796.0
47468,User_47468,90204.0
47472,User_47472,76988.0
47474,User_47474,74539.0
47476,User_47476,92322.0
47478,User_47478,96591.0
47480,User_47480,74080.0
47484,User_47484,90683.0
47488,User_47488,50860.0
47492,User_47492,52639.0
47494,User_47494,66393.0
47506,User_47506,98671.0
47512,User_47512,72255.0
47514,User_47514,93960.0
47518,User_47518,70615.0
47540,User_47540,99760.0
47542,User_47542,63971.0
47544,User_47544,98271.0
47550,User_47550,63234.0
47552,User_47552,51513.0
47556,User_47556,96894.0
47558,User_47558,59042.0
47560,User_47560,52749.0
47566,User_47566,65545.0
47568,User_47568,86349.0
47580,User_47580,82836.0
47582,User_47582,94683.0
47588,User_47588,88734.0
47590,User_47590,55309.0
47594,User_47594,93354.0
47596,User_47596,84017.0
47602,User_47602,78403.0
47604,User_47604,82911.0
47614,User_47614,54596.0
47616,User_47616,51324.0
47622,User_47622,95816.0
47624,User_47624,66973.0
47626,User_47626,54805.0
47628,User_47628,92975.0
47640,User_47640,98349.0
47644,User_47644,72862.0
47648,User_47648,81749.0
47650,User_47650,80247.0
47654,User_47654,86983.0
47662,User_47662,73302.0
47670,User_47670,63944.0
47672,User_47672,76180.0
47674,User_47674,65302.0
47678,User_47678,94412.0
47680,User_47680,96310.0
47682,User_47682,82283.0
47684,User_47684,62046.0
47688,User_47688,52861.0
47694,User_47694,95200.0
47704,User_47704,70615.0
47708,User_47708,93049.0
47712,User_47712,90000.0
47714,User_47714,75735.0
47716,User_47716,52372.0
47718,User_47718,95332.0
47720,User_47720,92004.0
47722,User_47722,94406.0
47724,User_47724,76710.0
47726,User_47726,50424.0
47734,User_47734,86442.0
47736,User_47736,80527.0
47738,User_47738,55008.0
47742,User_47742,96907.0
47744,User_47744,93546.0
47746,User_47746,72426.0
47748,User_47748,56271.0
47752,User_47752,71377.0
47754,User_47754,67216.0
47756,User_47756,99835.0
47758,User_47758,60419.0
47762,User_47762,82054.0
47772,User_47772,64834.0
47778,User_47778,97049.0
47784,User_47784,52108.0
47786,User_47786,90795.0
47792,User_47792,53254.0
47794,User_47794,79016.0
47804,User_47804,57376.0
47808,User_47808,94401.0
47810,User_47810,82150.0
47812,User_47812,80584.0
47814,User_47814,52760.0
47816,User_47816,52141.0
47820,User_47820,97761.0
47824,User_47824,87771.0
47826,User_47826,99388.0
47832,User_47832,57266.0
47838,User_47838,88232.0
47840,User_47840,72170.0
47844,User_47844,80029.0
47846,User_47846,93461.0
47850,User_47850,65752.0
47852,User_47852,72521.0
47860,User_47860,70601.0
47866,User_47866,62060.0
47868,User_47868,78040.0
47872,User_47872,92719.0
47874,User_47874,62040.0
47876,User_47876,55905.0
47878,User_47878,59144.0
47880,User_47880,95141.0
47884,User_47884,84711.0
47886,User_47886,87358.0
47888,User_47888,67391.0
47890,User_47890,84571.0
47898,User_47898,79723.0
47904,User_47904,74527.0
47908,User_47908,85228.0
47910,User_47910,54588.0
47914,User_47914,90666.0
47920,User_47920,76057.0
47922,User_47922,74947.0
47928,User_47928,63451.0
47930,User_47930,98914.0
47932,User_47932,93713.0
47938,User_47938,66960.0
47940,User_47940,59860.0
47944,User_47944,59748.0
47946,User_47946,69541.0
47950,User_47950,67529.0
47956,User_47956,66243.0
47958,User_47958,99052.0
47966,User_47966,61253.0
47972,User_47972,87713.0
47974,User_47974,56715.0
47976,User_47976,60098.0
47980,User_47980,91211.0
47982,User_47982,91000.0
47986,User_47986,81913.0
47990,User_47990,92898.0
47992,User_47992,62132.0
47996,User_47996,53994.0
47998,User_47998,96778.0
48002,User_48002,56318.0
48006,User_48006,52092.0
48008,User_48008,86953.0
48016,User_48016,85616.0
48018,User_48018,69112.0
48022,User_48022,57795.0
48028,User_48028,88784.0
48032,User_48032,58212.0
48042,User_48042,55759.0
48046,User_48046,94361.0
48048,User_48048,78979.0
48050,User_48050,61731.0
48052,User_48052,55653.0
48058,User_48058,63368.0
48060,User_48060,75940.0
48064,User_48064,58278.0
48066,User_48066,87488.0
48074,User_48074,56670.0
48076,User_48076,83743.0
48078,User_48078,85676.0
48084,User_48084,92418.0
48086,User_48086,94552.0
48088,User_48088,69572.0
48094,User_48094,93460.0
48096,User_48096,83692.0
48100,User_48100,50670.0
48102,User_48102,59530.0
48104,User_48104,95717.0
48108,User_48108,67372.0
48112,User_48112,60927.0
48114,User_48114,91369.0
48118,User_48118,82242.0
48124,User_48124,57471.0
48134,User_48134,59738.0
48136,User_48136,98464.0
48138,User_48138,66867.0
48140,User_48140,67840.0
48144,User_48144,77248.0
48150,User_48150,54996.0
48152,User_48152,90107.0
48154,User_48154,77680.0
48158,User_48158,93063.0
48160,User_48160,91338.0
48162,User_48162,82858.0
48164,User_48164,83656.0
48166,User_48166,69519.0
48172,User_48172,83861.0
48174,User_48174,77556.0
48176,User_48176,61914.0
48180,User_48180,82169.0
48186,User_48186,68229.0
48188,User_48188,66605.0
48190,User_48190,80263.0
48198,User_48198,89520.0
48200,User_48200,79399.0
48204,User_48204,59881.0
48206,User_48206,78581.0
48218,User_48218,66059.0
48220,User_48220,80840.0
48222,User_48222,69152.0
48224,User_48224,91119.0
48226,User_48226,71664.0
48228,User_48228,98831.0
48230,User_48230,94873.0
48242,User_48242,65577.0
48246,User_48246,62038.0
48252,User_48252,98413.0
48258,User_48258,54084.0
48260,User_48260,72674.0
48262,User_48262,56577.0
48264,User_48264,52426.0
48270,User_48270,93025.0
48272,User_48272,98474.0
48274,User_48274,51605.0
48278,User_48278,69934.0
48282,User_48282,94839.0
48284,User_48284,65502.0
48286,User_48286,55172.0
48288,User_48288,99573.0
48296,User_48296,92371.0
48298,User_48298,78845.0
48306,User_48306,91407.0
48310,User_48310,68491.0
48314,User_48314,62892.0
48318,User_48318,50185.0
48322,User_48322,61260.0
48324,User_48324,75923.0
48326,User_48326,58429.0
48328,User_48328,72779.0
48330,User_48330,77256.0
48334,User_48334,70418.0
48338,User_48338,85562.0
48342,User_48342,75153.0
48348,User_48348,68908.0
48356,User_48356,65664.0
48360,User_48360,95945.0
48364,User_48364,75521.0
48366,User_48366,72423.0
48368,User_48368,53170.0
48376,User_48376,53601.0
48380,User_48380,75148.0
48382,User_48382,55249.0
48384,User_48384,88664.0
48386,User_48386,68498.0
48388,User_48388,97482.0
48390,User_48390,53171.0
48396,User_48396,83591.0
48406,User_48406,58016.0
48408,User_48408,72412.0
48410,User_48410,88602.0
48412,User_48412,66905.0
48422,User_48422,86004.0
48424,User_48424,87231.0
48426,User_48426,53147.0
48428,User_48428,58027.0
48430,User_48430,72187.0
48438,User_48438,57893.0
48444,User_48444,60225.0
48446,User_48446,87365.0
48448,User_48448,55692.0
48454,User_48454,56571.0
48456,User_48456,51701.0
48460,User_48460,96310.0
48464,User_48464,85636.0
48466,User_48466,78101.0
48470,User_48470,69365.0
48480,User_48480,99105.0
48484,User_48484,50481.0
48488,User_48488,52268.0
48494,User_48494,68796.0
48496,User_48496,93135.0
48498,User_48498,91915.0
48504,User_48504,88584.0
48508,User_48508,50147.0
48510,User_48510,84186.0
48512,User_48512,57930.0
48514,User_48514,90308.0
48518,User_48518,55411.0
48530,User_48530,55906.0
48538,User_48538,69635.0
48542,User_48542,82119.0
48544,User_48544,51425.0
48546,User_48546,70541.0
48554,User_48554,50611.0
48558,User_48558,91873.0
48560,User_48560,51104.0
48562,User_48562,69163.0
48564,User_48564,96671.0
48570,User_48570,93411.0
48572,User_48572,51613.0
48578,User_48578,64575.0
48582,User_48582,92117.0
48584,User_48584,68577.0
48586,User_48586,51075.0
48588,User_48588,81455.0
48592,User_48592,66037.0
48594,User_48594,92274.0
48596,User_48596,72307.0
48608,User_48608,76579.0
48610,User_48610,81988.0
48614,User_48614,73736.0
48616,User_48616,65342.0
48618,User_48618,58005.0
48622,User_48622,76700.0
48630,User_48630,96317.0
48632,User_48632,97784.0
48636,User_48636,64679.0
48638,User_48638,63443.0
48640,User_48640,63392.0
48646,User_48646,69488.0
48656,User_48656,64115.0
48662,User_48662,65797.0
48664,User_48664,71553.0
48668,User_48668,71451.0
48670,User_48670,95606.0
48676,User_48676,67806.0
48678,User_48678,75630.0
48682,User_48682,81437.0
48684,User_48684,81631.0
48688,User_48688,52725.0
48690,User_48690,56785.0
48698,User_48698,50769.0
48704,User_48704,89093.0
48706,User_48706,63490.0
48710,User_48710,70244.0
48716,User_48716,62472.0
48718,User_48718,83863.0
48720,User_48720,92852.0
48724,User_48724,85694.0
48730,User_48730,90127.0
48732,User_48732,93998.0
48736,User_48736,63872.0
48744,User_48744,72271.0
48748,User_48748,53620.0
48750,User_48750,98651.0
48754,User_48754,64823.0
48756,User_48756,76568.0
48760,User_48760,73375.0
48766,User_48766,73710.0
48774,User_48774,95655.0
48776,User_48776,82816.0
48778,User_48778,60982.0
48780,User_48780,52865.0
48782,User_48782,94892.0
48784,User_48784,92458.0
48790,User_48790,76119.0
48798,User_48798,68455.0
48800,User_48800,68963.0
48802,User_48802,89697.0
48804,User_48804,79605.0
48812,User_48812,56604.0
48818,User_48818,55710.0
48820,User_48820,92995.0
48824,User_48824,71115.0
48832,User_48832,52106.0
48834,User_48834,61614.0
48836,User_48836,96485.0
48838,User_48838,76646.0
48840,User_48840,80895.0
48842,User_48842,70396.0
48852,User_48852,81266.0
48854,User_48854,64876.0
48858,User_48858,75969.0
48860,User_48860,57005.0
48862,User_48862,86296.0
48864,User_48864,66465.0
48868,User_48868,80227.0
48870,User_48870,79038.0
48880,User_48880,77545.0
48882,User_48882,65407.0
48884,User_48884,77951.0
48886,User_48886,61032.0
48890,User_48890,68236.0
48892,User_48892,97468.0
48894,User_48894,86849.0
48896,User_48896,82286.0
48898,User_48898,67420.0
48902,User_48902,66942.0
48904,User_48904,88970.0
48910,User_48910,60962.0
48912,User_48912,64931.0
48914,User_48914,51155.0
48918,User_48918,72420.0
48920,User_48920,73833.0
48922,User_48922,79429.0
48924,User_48924,59256.0
48930,User_48930,82892.0
48936,User_48936,88951.0
48938,User_48938,78867.0
48952,User_48952,66540.0
48954,User_48954,75237.0
48960,User_48960,95281.0
48962,User_48962,97896.0
48964,User_48964,70539.0
48968,User_48968,88910.0
48972,User_48972,62395.0
48976,User_48976,75698.0
48980,User_48980,92930.0
48982,User_48982,59776.0
48986,User_48986,89273.0
48988,User_48988,84355.0
48992,User_48992,94247.0
48998,User_48998,83456.0
49000,User_49000,80279.0
49006,User_49006,71076.0
49008,User_49008,60530.0
49012,User_49012,91374.0
49018,User_49018,87533.0
49028,User_49028,62158.0
49030,User_49030,86961.0
49036,User_49036,98684.0
49042,User_49042,75015.0
49046,User_49046,88917.0
49054,User_49054,94117.0
49058,User_49058,50128.0
49064,User_49064,76246.0
49066,User_49066,92081.0
49068,User_49068,79670.0
49070,User_49070,72134.0
49072,User_49072,86007.0
49074,User_49074,55503.0
49078,User_49078,91198.0
49080,User_49080,59827.0
49082,User_49082,75112.0
49088,User_49088,77464.0
49090,User_49090,93835.0
49092,User_49092,83183.0
49098,User_49098,96393.0
49100,User_49100,69998.0
49102,User_49102,58933.0
49104,User_49104,52882.0
49106,User_49106,54547.0
49110,User_49110,73496.0
49114,User_49114,75495.0
49120,User_49120,90734.0
49124,User_49124,81809.0
49140,User_49140,76737.0
49144,User_49144,65254.0
49146,User_49146,81620.0
49150,User_49150,61723.0
49152,User_49152,79257.0
49156,User_49156,74595.0
49180,User_49180,78217.0
49186,User_49186,76139.0
49188,User_49188,85790.0
49190,User_49190,59679.0
49192,User_49192,69270.0
49194,User_49194,89422.0
49202,User_49202,63088.0
49204,User_49204,51878.0
49206,User_49206,50495.0
49208,User_49208,70498.0
49210,User_49210,60636.0
49212,User_49212,64458.0
49214,User_49214,76095.0
49216,User_49216,91445.0
49230,User_49230,50243.0
49232,User_49232,85989.0
49240,User_49240,90844.0
49246,User_49246,92514.0
49250,User_49250,55306.0
49254,User_49254,88721.0
49258,User_49258,76531.0
49260,User_49260,53757.0
49262,User_49262,72247.0
49266,User_49266,90972.0
49268,User_49268,58521.0
49270,User_49270,53159.0
49272,User_49272,85045.0
49278,User_49278,52657.0
49292,User_49292,92087.0
49306,User_49306,98542.0
49316,User_49316,94838.0
49318,User_49318,80496.0
49320,User_49320,66203.0
49324,User_49324,58305.0
49326,User_49326,74085.0
49332,User_49332,54756.0
49336,User_49336,73358.0
49340,User_49340,76083.0
49342,User_49342,93607.0
49344,User_49344,86693.0
49346,User_49346,56291.0
49348,User_49348,66937.0
49358,User_49358,88379.0
49362,User_49362,55789.0
49368,User_49368,62437.0
49370,User_49370,60699.0
49380,User_49380,60668.0
49382,User_49382,82411.0
49388,User_49388,82327.0
49390,User_49390,70729.0
49394,User_49394,61761.0
49396,User_49396,56619.0
49398,User_49398,64132.0
49400,User_49400,52883.0
49402,User_49402,51224.0
49406,User_49406,80151.0
49408,User_49408,60638.0
49410,User_49410,92464.0
49424,User_49424,61499.0
49426,User_49426,83921.0
49428,User_49428,98035.0
49432,User_49432,94874.0
49434,User_49434,56837.0
49438,User_49438,52607.0
49442,User_49442,95213.0
49446,User_49446,91872.0
49452,User_49452,52153.0
49462,User_49462,60811.0
49464,User_49464,92165.0
49466,User_49466,69852.0
49470,User_49470,86123.0
49472,User_49472,82074.0
49474,User_49474,89173.0
49476,User_49476,96101.0
49480,User_49480,64530.0
49484,User_49484,98130.0
49486,User_49486,71380.0
49492,User_49492,62861.0
49494,User_49494,80240.0
49496,User_49496,84290.0
49498,User_49498,71450.0
49500,User_49500,55920.0
49502,User_49502,76381.0
49504,User_49504,89706.0
49506,User_49506,55635.0
49510,User_49510,97819.0
49512,User_49512,90825.0
49514,User_49514,85357.0
49516,User_49516,82816.0
49518,User_49518,86516.0
49520,User_49520,97085.0
49524,User_49524,50035.0
49528,User_49528,71428.0
49530,User_49530,52534.0
49538,User_49538,52636.0
49540,User_49540,58185.0
49542,User_49542,75714.0
49548,User_49548,96499.0
49552,User_49552,89047.0
49554,User_49554,54046.0
49560,User_49560,53746.0
49562,User_49562,64042.0
49564,User_49564,96020.0
49568,User_49568,56330.0
49570,User_49570,50499.0
49574,User_49574,71898.0
49576,User_49576,89793.0
49578,User_49578,59341.0
49580,User_49580,61001.0
49582,User_49582,83177.0
49588,User_49588,82535.0
49598,User_49598,67629.0
49600,User_49600,82982.0
49602,User_49602,95254.0
49604,User_49604,54391.0
49606,User_49606,69846.0
49608,User_49608,73819.0
49620,User_49620,81882.0
49624,User_49624,51290.0
49628,User_49628,52065.0
49630,User_49630,60399.0
49632,User_49632,79542.0
49634,User_49634,96450.0
49636,User_49636,50044.0
49640,User_49640,76704.0
49642,User_49642,68704.0
49646,User_49646,55450.0
49652,User_49652,81070.0
49658,User_49658,53411.0
49664,User_49664,79170.0
49666,User_49666,88273.0
49670,User_49670,58954.0
49680,User_49680,78564.0
49684,User_49684,54495.0
49688,User_49688,97356.0
49692,User_49692,64726.0
49694,User_49694,70323.0
49702,User_49702,80415.0
49704,User_49704,84767.0
49708,User_49708,86417.0
49720,User_49720,96374.0
49722,User_49722,63820.0
49724,User_49724,66656.0
49730,User_49730,61068.0
49736,User_49736,71510.0
49738,User_49738,81777.0
49742,User_49742,96282.0
49744,User_49744,90638.0
49746,User_49746,79577.0
49748,User_49748,79773.0
49752,User_49752,82859.0
49766,User_49766,62369.0
49768,User_49768,64357.0
49774,User_49774,72360.0
49778,User_49778,63126.0
49782,User_49782,65797.0
49784,User_49784,84396.0
49790,User_49790,71606.0
49792,User_49792,52508.0
49796,User_49796,88651.0
49800,User_49800,85710.0
49802,User_49802,94382.0
49804,User_49804,64381.0
49806,User_49806,50666.0
49808,User_49808,66797.0
49812,User_49812,73438.0
49816,User_49816,56144.0
49824,User_49824,95246.0
49826,User_49826,67364.0
49832,User_49832,55021.0
49838,User_49838,67166.0
49840,User_49840,76265.0
49842,User_49842,75017.0
49846,User_49846,57319.0
49866,User_49866,57984.0
49868,User_49868,99942.0
49870,User_49870,93938.0
49874,User_49874,93468.0
49876,User_49876,92040.0
49878,User_49878,89589.0
49880,User_49880,62840.0
49890,User_49890,74715.0
49892,User_49892,96750.0
49894,User_49894,88745.0
49896,User_49896,73900.0
49898,User_49898,71768.0
49900,User_49900,89603.0
49906,User_49906,61421.0
49908,User_49908,54711.0
49910,User_49910,52279.0
49920,User_49920,78464.0
49932,User_49932,75672.0
49936,User_49936,71928.0
49952,User_49952,77547.0
49954,User_49954,86390.0
49956,User_49956,86519.0
49958,User_49958,90424.0
49964,User_49964,87575.0
49972,User_49972,85020.0
49974,User_49974,68493.0
49980,User_49980,72932.0
49982,User_49982,85170.0
49988,User_49988,76209.0
49996,User_49996,94238.0
